group,stack,role,depth_um,raw_mean,bg_subtracted,normalized
4h,4h #1,primary,0,4077.07,3940.52,1.0016
4h,4h #1,primary,4.8,4072.03,3935.83,1.00041
4h,4h #1,primary,9.6,4062.35,3926.27,0.997983
4h,4h #1,primary,14.4,4050,3914.06,0.994878
4h,4h #1,primary,19.2,4029.17,3893.08,0.989546
4h,4h #1,primary,24,4005.98,3869.6,0.983578
4h,4h #1,primary,28.8,3975.13,3838.82,0.975754
4h,4h #1,primary,33.6,3937.06,3800.64,0.966049
4h,4h #1,primary,38.4,3888.5,3752.12,0.953717
4h,4h #1,primary,43.2,3824.68,3688.14,0.937455
4h,4h #1,primary,48,3754.15,3617.18,0.919418
4h,4h #1,primary,52.8,3676.33,3539.63,0.899704
4h,4h #1,primary,57.6,3595.89,3459.27,0.879278
4h,4h #1,primary,62.4,3526.8,3390.33,0.861755
4h,4h #1,primary,67.2,3466.15,3329.36,0.846258
4h,4h #1,primary,72,3399.84,3262.98,0.829387
4h,4h #1,primary,76.8,3317.47,3180.57,0.808438
4h,4h #1,primary,81.6,3212.34,3075.51,0.781736
4h,4h #1,primary,86.4,3037.59,2900.58,0.73727
4h,4h #1,primary,91.2,2811.97,2675.04,0.679943
4h,4h #1,primary,96,2598.33,2461.1,0.625565
4h,4h #1,primary,100.8,2380.3,2243.26,0.570194
4h,4h #1,primary,105.6,2155.39,2018.21,0.512991
4h,4h #1,primary,110.4,1883.18,1746.05,0.443811
4h,4h #1,primary,115.2,1579.43,1442.59,0.366678
4h,4h #1,primary,120,1276.09,1139.03,0.28952
4h,4h #1,primary,124.8,1036.21,898.875,0.228477
4h,4h #1,primary,129.6,855.618,718.38,0.182598
4h,4h #1,primary,134.4,735.203,597.933,0.151983
4h,4h #1,primary,139.2,657.636,520.257,0.132239
4h,4h #1,primary,144,596.808,459.393,0.116769
4h,4h #1,primary,148.8,552.156,414.787,0.105431
4h,4h #1,primary,153.6,517.417,379.783,0.0965335
4h,4h #1,primary,158.4,488.41,350.825,0.0891729
4h,4h #1,primary,163.2,460.059,322.5,0.0819734
4h,4h #1,primary,168,441.767,304.156,0.0773105
4h,4h #1,primary,172.8,423.203,285.538,0.0725782
4h,4h #1,primary,177.6,405.363,267.739,0.068054
4h,4h #1,primary,182.4,392.586,254.91,0.0647932
4h,4h #1,primary,187.2,378.593,240.807,0.0612085
4h,4h #1,primary,192,367.097,229.289,0.0582808
4h,4h #1,primary,196.8,355.936,218.115,0.0554405
4h,4h #1,primary,201.6,345.202,207.363,0.0527076
4h,4h #1,primary,206.4,337.554,199.998,0.0508356
4h,4h #1,primary,211.2,331.679,193.94,0.0492959
4h,4h #1,primary,216,325.154,187.458,0.0476482
4h,4h #1,primary,220.8,319.516,181.824,0.0462162
4h,4h #1,primary,225.6,318.501,180.988,0.0460036
4h,4h #1,primary,230.4,320.467,182.818,0.0464687
4h,4h #1,primary,235.2,320.624,182.907,0.0464913
4h,4h #1,primary,240,313.189,175.396,0.0445822
4h,4h #1,primary,244.8,305.061,167.389,0.0425471
4h,4h #1,primary,249.6,302.346,164.548,0.0418248
4h,4h #1,primary,254.4,302.331,164.586,0.0418347
4h,4h #1,primary,259.2,296.056,158.212,0.0402144
4h,4h #1,primary,264,288.476,150.84,0.0383405
4h,4h #1,primary,268.8,274.999,137.267,0.0348906
4h,4h #1,primary,273.6,265.499,127.745,0.0324703
4h,4h #1,primary,278.4,259.493,121.843,0.03097
4h,4h #1,primary,283.2,256.413,118.893,0.0302202
4h,4h #1,primary,288,251.825,114.24,0.0290376
4h,4h #1,primary,292.8,246.978,109.279,0.0277766
4h,4h #1,primary,297.6,244.694,106.97,0.0271896
4h,4h #1,primary,302.4,241.06,103.21,0.0262341
4h,4h #1,primary,307.2,237.737,99.836,0.0253764
4h,4h #1,primary,312,236.167,98.3544,0.0249998
4h,4h #1,primary,316.8,234.271,96.479,0.0245231
4h,4h #1,primary,321.6,230.898,93.1145,0.0236679
4h,4h #1,primary,326.4,229.676,92.007,0.0233864
4h,4h #1,primary,331.2,226.583,88.7575,0.0225604
4h,4h #1,primary,336,225.494,87.8048,0.0223183
4h,4h #1,primary,340.8,223.213,85.3734,0.0217003
4h,4h #1,primary,345.6,221.208,83.4856,0.0212204
4h,4h #1,primary,350.4,219.912,82.1782,0.0208881
4h,4h #1,primary,355.2,218.176,80.315,0.0204145
4h,4h #1,primary,360,216.826,79.0765,0.0200997
4h,4h #1,primary,364.8,215.034,77.2798,0.019643
4h,4h #1,primary,369.6,214.09,76.5855,0.0194666
4h,4h #1,primary,374.4,212.572,74.7503,0.0190001
4h,4h #1,primary,379.2,210.785,73.1599,0.0185958
4h,4h #1,primary,384,210.03,72.5004,0.0184282
4h,4h #1,primary,388.8,208.098,70.267,0.0178605
4h,4h #1,primary,393.6,207.107,69.3318,0.0176228
4h,4h #1,primary,398.4,205.473,68.0292,0.0172917
4h,4h #1,primary,403.2,205.255,67.4358,0.0171409
4h,4h #1,primary,408,203.566,65.9434,0.0167615
4h,4h #1,primary,412.8,202.568,64.7146,0.0164492
4h,4h #1,primary,417.6,202.271,64.6142,0.0164237
4h,4h #1,primary,422.4,200.185,62.518,0.0158909
4h,4h #1,primary,427.2,199.771,62.0628,0.0157752
4h,4h #1,primary,432,198.116,60.4578,0.0153672
4h,4h #1,primary,436.8,196.849,59.0454,0.0150082
4h,4h #1,primary,441.6,196.628,58.9214,0.0149767
4h,4h #1,primary,446.4,195.395,57.2055,0.0145405
4h,4h #1,primary,451.2,194.95,56.9015,0.0144633
4h,4h #1,primary,456,194.045,55.9543,0.0142225
4h,4h #1,primary,460.8,193.189,55.3861,0.0140781
4h,4h #1,primary,465.6,193.707,55.7931,0.0141815
4h,4h #1,primary,470.4,191.952,54.1869,0.0137733
4h,4h #1,primary,475.2,191.118,53.3279,0.0135549
4h,4h #2,primary,0,4071.77,3935.23,1.00053
4h,4h #2,primary,4.8,4069.71,3933.51,1.0001
4h,4h #2,primary,9.6,4066.72,3930.64,0.999368
4h,4h #2,primary,14.4,4065.21,3929.26,0.999017
4h,4h #2,primary,19.2,4060.81,3924.72,0.997862
4h,4h #2,primary,24,4056.11,3919.73,0.996593
4h,4h #2,primary,28.8,4049.87,3913.57,0.995026
4h,4h #2,primary,33.6,4042.12,3905.69,0.993024
4h,4h #2,primary,38.4,4030.5,3894.12,0.990083
4h,4h #2,primary,43.2,4018.51,3881.97,0.986993
4h,4h #2,primary,48,4001.84,3864.87,0.982646
4h,4h #2,primary,52.8,3979.98,3843.27,0.977154
4h,4h #2,primary,57.6,3957.5,3820.87,0.971459
4h,4h #2,primary,62.4,3926.66,3790.19,0.963657
4h,4h #2,primary,67.2,3892.26,3755.47,0.95483
4h,4h #2,primary,72,3854.31,3717.45,0.945164
4h,4h #2,primary,76.8,3811.23,3674.33,0.9342
4h,4h #2,primary,81.6,3762.47,3625.64,0.921822
4h,4h #2,primary,86.4,3709.24,3572.23,0.908241
4h,4h #2,primary,91.2,3649.47,3512.53,0.893064
4h,4h #2,primary,96,3583.87,3446.65,0.876312
4h,4h #2,primary,100.8,3513.25,3376.21,0.858403
4h,4h #2,primary,105.6,3437.37,3300.19,0.839075
4h,4h #2,primary,110.4,3355.94,3218.81,0.818384
4h,4h #2,primary,115.2,3236.36,3099.52,0.788054
4h,4h #2,primary,120,3079.14,2942.08,0.748025
4h,4h #2,primary,124.8,2868.75,2731.41,0.694463
4h,4h #2,primary,129.6,2620.22,2482.98,0.631299
4h,4h #2,primary,134.4,2393.33,2256.06,0.573605
4h,4h #2,primary,139.2,2163.07,2025.69,0.515032
4h,4h #2,primary,144,1892.28,1754.86,0.446175
4h,4h #2,primary,148.8,1597.36,1459.99,0.371204
4h,4h #2,primary,153.6,1306.39,1168.75,0.297156
4h,4h #2,primary,158.4,1058.82,921.234,0.234224
4h,4h #2,primary,163.2,871.389,733.831,0.186577
4h,4h #2,primary,168,745.398,607.787,0.15453
4h,4h #2,primary,172.8,660.975,523.31,0.133052
4h,4h #2,primary,177.6,600.409,462.784,0.117663
4h,4h #2,primary,182.4,552.992,415.316,0.105594
4h,4h #2,primary,187.2,514.936,377.15,0.0958906
4h,4h #2,primary,192,481.608,343.799,0.0874112
4h,4h #2,primary,196.8,456.931,319.11,0.0811338
4h,4h #2,primary,201.6,432.591,294.752,0.0749409
4h,4h #2,primary,206.4,414.938,277.383,0.0705246
4h,4h #2,primary,211.2,396.15,258.411,0.0657012
4h,4h #2,primary,216,381.013,243.317,0.0618636
4h,4h #2,primary,220.8,368.18,230.489,0.0586019
4h,4h #2,primary,225.6,355.437,217.923,0.055407
4h,4h #2,primary,230.4,345.858,208.208,0.0529371
4h,4h #2,primary,235.2,336.634,198.917,0.0505747
4h,4h #2,primary,240,326.277,188.483,0.0479219
4h,4h #2,primary,244.8,320.093,182.421,0.0463807
4h,4h #2,primary,249.6,313.786,175.988,0.0447451
4h,4h #2,primary,254.4,307.431,169.686,0.0431429
4h,4h #2,primary,259.2,306.445,168.6,0.0428667
4h,4h #2,primary,264,306.141,168.504,0.0428423
4h,4h #2,primary,268.8,309.214,171.482,0.0435995
4h,4h #2,primary,273.6,300.843,163.088,0.0414653
4h,4h #2,primary,278.4,296.621,158.971,0.0404185
4h,4h #2,primary,283.2,291.98,154.46,0.0392716
4h,4h #2,primary,288,290.652,153.067,0.0389173
4h,4h #2,primary,292.8,290.175,152.477,0.0387673
4h,4h #2,primary,297.6,281.314,143.59,0.0365078
4h,4h #2,primary,302.4,268.289,130.44,0.0331644
4h,4h #2,primary,307.2,259.004,121.103,0.0307904
4h,4h #2,primary,312,252.619,114.807,0.0291896
4h,4h #2,primary,316.8,247.487,109.695,0.0278901
4h,4h #2,primary,321.6,243.419,105.636,0.0268579
4h,4h #2,primary,326.4,240.452,102.783,0.0261326
4h,4h #2,primary,331.2,236.355,98.5294,0.0250512
4h,4h #2,primary,336,234.555,96.8658,0.0246282
4h,4h #2,primary,340.8,231.993,94.1531,0.0239385
4h,4h #2,primary,345.6,229.845,92.1223,0.0234221
4h,4h #2,primary,350.4,226.349,88.6153,0.0225305
4h,4h #2,primary,355.2,224.486,86.6258,0.0220246
4h,4h #2,primary,360,222.918,85.1689,0.0216542
4h,4h #2,primary,364.8,219.926,82.1715,0.0208921
4h,4h #2,primary,369.6,219.97,82.4654,0.0209669
4h,4h #2,primary,374.4,217.852,80.0296,0.0203476
4h,4h #2,primary,379.2,214.975,77.3502,0.0196663
4h,4h #2,primary,384,213.326,75.7962,0.0192712
4h,4h #2,primary,388.8,212.273,74.442,0.0189269
4h,4h #2,primary,393.6,210.373,72.5972,0.0184579
4h,4h #2,primary,398.4,209.202,71.7582,0.0182445
4h,4h #2,primary,403.2,208.21,70.3902,0.0178967
4h,4h #2,primary,408,206.397,68.7743,0.0174859
4h,4h #2,primary,412.8,205.916,68.0634,0.0173051
4h,4h #2,primary,417.6,204.244,66.5877,0.0169299
4h,4h #2,primary,422.4,203.628,65.9612,0.0167707
4h,4h #2,primary,427.2,202.436,64.7273,0.0164569
4h,4h #2,primary,432,201.085,63.4271,0.0161264
4h,4h #2,primary,436.8,200.138,62.3345,0.0158486
4h,4h #2,primary,441.6,199.148,61.4415,0.0156215
4h,4h #2,primary,446.4,197.748,59.5589,0.0151429
4h,4h #2,primary,451.2,196.934,58.8857,0.0149717
4h,4h #2,primary,456,195.99,57.8989,0.0147208
4h,4h #2,primary,460.8,195.788,57.985,0.0147427
4h,4h #2,primary,465.6,193.65,55.7358,0.0141709
4h,4h #2,primary,470.4,193.043,55.2783,0.0140545
4h,4h #2,primary,475.2,191.126,53.3365,0.0135608
4h,4h #2,primary,480,192.595,54.8048,0.0139342
4h,4h #3,primary,0,3162.26,3025.72,1.00298
4h,4h #3,primary,4.8,3152.96,3016.76,1.00001
4h,4h #3,primary,9.6,3143.78,3007.7,0.997008
4h,4h #3,primary,14.4,3132.27,2996.32,0.993236
4h,4h #3,primary,19.2,3119.97,2983.88,0.989111
4h,4h #3,primary,24,3105.24,2968.86,0.984132
4h,4h #3,primary,28.8,3088.57,2952.26,0.97863
4h,4h #3,primary,33.6,3074.94,2938.52,0.974074
4h,4h #3,primary,38.4,3057.56,2921.19,0.968329
4h,4h #3,primary,43.2,3039.9,2903.36,0.96242
4h,4h #3,primary,48,3021.19,2884.23,0.956078
4h,4h #3,primary,52.8,3003.22,2866.51,0.950205
4h,4h #3,primary,57.6,2982.9,2846.28,0.943497
4h,4h #3,primary,62.4,2957.3,2820.82,0.935061
4h,4h #3,primary,67.2,2933.35,2796.55,0.927015
4h,4h #3,primary,72,2911.29,2774.44,0.919685
4h,4h #3,primary,76.8,2885.59,2748.68,0.911147
4h,4h #3,primary,81.6,2853.53,2716.71,0.900548
4h,4h #3,primary,86.4,2827.34,2690.33,0.891805
4h,4h #3,primary,91.2,2802.3,2665.36,0.883528
4h,4h #3,primary,96,2768.74,2631.52,0.872308
4h,4h #3,primary,100.8,2741.5,2604.47,0.863341
4h,4h #3,primary,105.6,2709.32,2572.14,0.852627
4h,4h #3,primary,110.4,2673.83,2536.69,0.840876
4h,4h #3,primary,115.2,2642.97,2506.12,0.830741
4h,4h #3,primary,120,2604.68,2467.62,0.817979
4h,4h #3,primary,124.8,2566.71,2429.37,0.805301
4h,4h #3,primary,129.6,2534.45,2397.22,0.794641
4h,4h #3,primary,134.4,2494.78,2357.51,0.781478
4h,4h #3,primary,139.2,2455.98,2318.6,0.768581
4h,4h #3,primary,144,2418.03,2280.62,0.75599
4h,4h #3,primary,148.8,2377.33,2239.97,0.742515
4h,4h #3,primary,153.6,2333.22,2195.59,0.727805
4h,4h #3,primary,158.4,2291.23,2153.64,0.713901
4h,4h #3,primary,163.2,2248.66,2111.1,0.699798
4h,4h #3,primary,168,2205.65,2068.04,0.685523
4h,4h #3,primary,172.8,2156.45,2018.79,0.669197
4h,4h #3,primary,177.6,2105.15,1967.53,0.652207
4h,4h #3,primary,182.4,2053.44,1915.76,0.635047
4h,4h #3,primary,187.2,1998.61,1860.83,0.616836
4h,4h #3,primary,192,1938.39,1800.58,0.596865
4h,4h #3,primary,196.8,1885.26,1747.44,0.579249
4h,4h #3,primary,201.6,1821.22,1683.38,0.558014
4h,4h #3,primary,206.4,1759.04,1621.48,0.537497
4h,4h #3,primary,211.2,1690.99,1553.25,0.514878
4h,4h #3,primary,216,1627.98,1490.28,0.494006
4h,4h #3,primary,220.8,1555.56,1417.87,0.470002
4h,4h #3,primary,225.6,1486.47,1348.95,0.447157
4h,4h #3,primary,230.4,1409.39,1271.74,0.421564
4h,4h #3,primary,235.2,1329.93,1192.21,0.395201
4h,4h #3,primary,240,1249.8,1112,0.368613
4h,4h #3,primary,244.8,1160.94,1023.27,0.339198
4h,4h #3,primary,249.6,1058.71,920.915,0.30527
4h,4h #3,primary,254.4,941.265,803.52,0.266355
4h,4h #3,primary,259.2,841.142,703.298,0.233133
4h,4h #3,primary,264,767.499,629.863,0.20879
4h,4h #3,primary,268.8,679.635,541.904,0.179633
4h,4h #3,primary,273.6,586.529,448.775,0.148762
4h,4h #3,primary,278.4,513.142,375.492,0.12447
4h,4h #3,primary,283.2,461.086,323.566,0.107257
4h,4h #3,primary,288,422.409,284.825,0.0944151
4h,4h #3,primary,292.8,394.21,256.511,0.0850295
4h,4h #3,primary,297.6,370.987,233.263,0.0773232
4h,4h #3,primary,302.4,354.125,216.276,0.0716923
4h,4h #3,primary,307.2,339.613,201.712,0.0668645
4h,4h #3,primary,312,325.892,188.079,0.0623455
4h,4h #3,primary,316.8,315.007,177.215,0.0587442
4h,4h #3,primary,321.6,305.789,168.005,0.0556912
4h,4h #3,primary,326.4,296.331,158.663,0.0525943
4h,4h #3,primary,331.2,288.453,150.627,0.0499307
4h,4h #3,primary,336,282.424,144.735,0.0479774
4h,4h #3,primary,340.8,277.688,139.848,0.0463576
4h,4h #3,primary,345.6,271.816,134.094,0.04445
4h,4h #3,primary,350.4,265.485,127.751,0.0423474
4h,4h #3,primary,355.2,261.572,123.712,0.0410085
4h,4h #3,primary,360,257.394,119.644,0.0396603
4h,4h #3,primary,364.8,254.728,116.974,0.0387751
4h,4h #3,primary,369.6,250.254,112.749,0.0373746
4h,4h #3,primary,374.4,246.074,108.252,0.0358841
4h,4h #3,primary,379.2,245.561,107.936,0.0357792
4h,4h #3,primary,384,243.328,105.798,0.0350705
4h,4h #3,primary,388.8,244.78,106.949,0.035452
4h,4h #3,primary,393.6,247.121,109.345,0.0362462
4h,4h #3,primary,398.4,250.906,113.462,0.0376108
4h,4h #3,primary,403.2,252.174,114.354,0.0379067
4h,4h #3,primary,408,247.397,109.774,0.0363884
4h,4h #3,primary,412.8,243.503,105.65,0.0350212
4h,4h #3,primary,417.6,243.24,105.583,0.0349992
4h,4h #3,primary,422.4,246.301,108.635,0.0360107
4h,4h #3,primary,427.2,241.225,103.517,0.0343143
4h,4h #3,primary,432,234.28,96.6219,0.0320287
4h,4h #3,primary,436.8,225.146,87.3427,0.0289528
4h,4h #3,primary,441.6,218.883,81.1765,0.0269088
4h,4h #3,primary,446.4,213.59,75.4006,0.0249942
4h,4h #3,primary,451.2,210.334,72.2861,0.0239617
4h,4h #3,primary,456,210.073,71.9821,0.023861
4h,4h #3,primary,460.8,207.95,70.1467,0.0232526
4h,4h #3,primary,465.6,205.312,67.3977,0.0223413
4h,4h #3,primary,470.4,204.042,66.2774,0.02197
4h,4h #3,primary,475.2,202.46,64.6697,0.021437
4h,4h #3,primary,480,194.108,56.318,0.0186686
4h,4h #4,primary,0,3976.62,3840.07,0.997356
4h,4h #4,primary,4.8,3986.87,3850.67,1.00011
4h,4h #4,primary,9.6,3996.1,3860.02,1.00254
4h,4h #4,primary,14.4,4008.47,3872.53,1.00579
4h,4h #4,primary,19.2,4018.94,3882.85,1.00847
4h,4h #4,primary,24,4027.84,3891.46,1.0107
4h,4h #4,primary,28.8,4034.43,3898.12,1.01243
4h,4h #4,primary,33.6,4039.12,3902.69,1.01362
4h,4h #4,primary,38.4,4042.63,3906.26,1.01454
4h,4h #4,primary,43.2,4045.83,3909.29,1.01533
4h,4h #4,primary,48,4047.78,3910.81,1.01573
4h,4h #4,primary,52.8,4048.55,3911.84,1.016
4h,4h #4,primary,57.6,4050.47,3913.85,1.01652
4h,4h #4,primary,62.4,4051.36,3914.89,1.01679
4h,4h #4,primary,67.2,4050.74,3913.95,1.01654
4h,4h #4,primary,72,4051.77,3914.91,1.01679
4h,4h #4,primary,76.8,4052.07,3915.16,1.01686
4h,4h #4,primary,81.6,4052.01,3915.19,1.01687
4h,4h #4,primary,86.4,4053.14,3916.13,1.01711
4h,4h #4,primary,91.2,4053.01,3916.08,1.0171
4h,4h #4,primary,96,4053.59,3916.37,1.01717
4h,4h #4,primary,100.8,4051.01,3913.97,1.01655
4h,4h #4,primary,105.6,4047.6,3910.42,1.01563
4h,4h #4,primary,110.4,4041.25,3904.12,1.01399
4h,4h #4,primary,115.2,4021.79,3884.94,1.00901
4h,4h #4,primary,120,3971.21,3834.15,0.995818
4h,4h #4,primary,124.8,3873.38,3736.05,0.970337
4h,4h #4,primary,129.6,3741.94,3604.7,0.936224
4h,4h #4,primary,134.4,3604.03,3466.76,0.900398
4h,4h #4,primary,139.2,3413.52,3276.15,0.85089
4h,4h #4,primary,144,3101.36,2963.94,0.769804
4h,4h #4,primary,148.8,2667.89,2530.52,0.657234
4h,4h #4,primary,153.6,2180.89,2043.26,0.530681
4h,4h #4,primary,158.4,1734.03,1596.45,0.414634
4h,4h #4,primary,163.2,1381.25,1243.7,0.323017
4h,4h #4,primary,168,1133.94,996.328,0.258769
4h,4h #4,primary,172.8,969.401,831.735,0.216021
4h,4h #4,primary,177.6,848.715,711.091,0.184687
4h,4h #4,primary,182.4,763.512,625.837,0.162544
4h,4h #4,primary,187.2,693.881,556.095,0.144431
4h,4h #4,primary,192,636.194,498.386,0.129442
4h,4h #4,primary,196.8,594.584,456.762,0.118632
4h,4h #4,primary,201.6,554.299,416.46,0.108164
4h,4h #4,primary,206.4,523.639,386.083,0.100275
4h,4h #4,primary,211.2,495.983,358.244,0.0930442
4h,4h #4,primary,216,470.815,333.119,0.0865187
4h,4h #4,primary,220.8,451.982,314.291,0.0816286
4h,4h #4,primary,225.6,432.823,295.309,0.0766986
4h,4h #4,primary,230.4,414.953,277.303,0.0720221
4h,4h #4,primary,235.2,401.383,263.666,0.06848
4h,4h #4,primary,240,388.306,250.512,0.0650637
4h,4h #4,primary,244.8,378.144,240.473,0.0624564
4h,4h #4,primary,249.6,366.383,228.585,0.0593687
4h,4h #4,primary,254.4,360.465,222.72,0.0578454
4h,4h #4,primary,259.2,354.358,216.514,0.0562336
4h,4h #4,primary,264,352.005,214.368,0.0556764
4h,4h #4,primary,268.8,350.568,212.836,0.0552784
4h,4h #4,primary,273.6,344.385,206.631,0.0536667
4h,4h #4,primary,278.4,334.597,196.947,0.0511517
4h,4h #4,primary,283.2,327.504,189.984,0.0493431
4h,4h #4,primary,288,329.383,191.799,0.0498145
4h,4h #4,primary,292.8,325.978,188.279,0.0489004
4h,4h #4,primary,297.6,316.585,178.861,0.0464542
4h,4h #4,primary,302.4,303.331,165.481,0.0429793
4h,4h #4,primary,307.2,290.786,152.885,0.0397077
4h,4h #4,primary,312,280.853,143.041,0.0371509
4h,4h #4,primary,316.8,274.901,137.109,0.0356103
4h,4h #4,primary,321.6,271.344,133.56,0.0346887
4h,4h #4,primary,326.4,265.931,128.263,0.0333128
4h,4h #4,primary,331.2,262.177,124.352,0.0322969
4h,4h #4,primary,336,258.522,120.833,0.0313832
4h,4h #4,primary,340.8,255.562,117.723,0.0305753
4h,4h #4,primary,345.6,252.1,114.378,0.0297065
4h,4h #4,primary,350.4,247.853,110.119,0.0286005
4h,4h #4,primary,355.2,244.603,106.742,0.0277233
4h,4h #4,primary,360,243.815,106.065,0.0275476
4h,4h #4,primary,364.8,242.264,104.51,0.0271435
4h,4h #4,primary,369.6,237.931,100.426,0.0260829
4h,4h #4,primary,374.4,234.595,96.7725,0.0251341
4h,4h #4,primary,379.2,233.844,96.2192,0.0249903
4h,4h #4,primary,384,230.715,93.186,0.0242025
4h,4h #4,primary,388.8,229.199,91.3677,0.0237303
4h,4h #4,primary,393.6,226.931,89.155,0.0231556
4h,4h #4,primary,398.4,223.656,86.2113,0.0223911
4h,4h #4,primary,403.2,222.256,84.4371,0.0219302
4h,4h #4,primary,408,222.076,84.4531,0.0219344
4h,4h #4,primary,412.8,219.746,81.8934,0.0212696
4h,4h #4,primary,417.6,217.775,80.118,0.0208085
4h,4h #4,primary,422.4,217.2,79.5334,0.0206567
4h,4h #4,primary,427.2,215.479,77.7706,0.0201988
4h,4h #4,primary,432,213.105,75.447,0.0195953
4h,4h #4,primary,436.8,212.623,74.8196,0.0194324
4h,4h #4,primary,441.6,211.022,73.3148,0.0190415
4h,4h #4,primary,446.4,210.398,72.2089,0.0187543
4h,4h #4,primary,451.2,208.569,70.5205,0.0183158
4h,4h #4,primary,456,206.274,68.1826,0.0177086
4h,4h #4,primary,460.8,205.477,67.6737,0.0175764
4h,4h #4,primary,465.6,204.097,66.1827,0.0171892
4h,4h #4,primary,470.4,202.696,64.9313,0.0168641
4h,4h #4,primary,475.2,201.479,63.6886,0.0165414
4h,4h #5,primary,0,4041.85,3905.31,0.999463
4h,4h #5,primary,4.8,4044.47,3908.27,1.00022
4h,4h #5,primary,9.6,4044.72,3908.64,1.00032
4h,4h #5,primary,14.4,4046.51,3910.57,1.00081
4h,4h #5,primary,19.2,4045.63,3909.54,1.00055
4h,4h #5,primary,24,4046.69,3910.31,1.00074
4h,4h #5,primary,28.8,4046.39,3910.08,1.00068
4h,4h #5,primary,33.6,4046.47,3910.04,1.00067
4h,4h #5,primary,38.4,4046.29,3909.92,1.00064
4h,4h #5,primary,43.2,4047,3910.46,1.00078
4h,4h #5,primary,48,4047.71,3910.74,1.00085
4h,4h #5,primary,52.8,4046.93,3910.22,1.00072
4h,4h #5,primary,57.6,4048.28,3911.66,1.00109
4h,4h #5,primary,62.4,4047.51,3911.03,1.00093
4h,4h #5,primary,67.2,4046.26,3909.47,1.00053
4h,4h #5,primary,72,4045.87,3909.01,1.00041
4h,4h #5,primary,76.8,4045.91,3909,1.00041
4h,4h #5,primary,81.6,4045.73,3908.91,1.00038
4h,4h #5,primary,86.4,4044.92,3907.91,1.00013
4h,4h #5,primary,91.2,4044.1,3907.16,0.999938
4h,4h #5,primary,96,4042.39,3905.17,0.999427
4h,4h #5,primary,100.8,4040.41,3903.38,0.998969
4h,4h #5,primary,105.6,4037.91,3900.74,0.998293
4h,4h #5,primary,110.4,4033.04,3895.91,0.997057
4h,4h #5,primary,115.2,4027.73,3890.88,0.995771
4h,4h #5,primary,120,4016.43,3879.37,0.992824
4h,4h #5,primary,124.8,3993.49,3856.15,0.986883
4h,4h #5,primary,129.6,3933.57,3796.33,0.971573
4h,4h #5,primary,134.4,3819.36,3682.09,0.942337
4h,4h #5,primary,139.2,3674.35,3536.97,0.905197
4h,4h #5,primary,144,3511.71,3374.29,0.863563
4h,4h #5,primary,148.8,3317.68,3180.31,0.813918
4h,4h #5,primary,153.6,3009.8,2872.17,0.735058
4h,4h #5,primary,158.4,2579.84,2442.26,0.625033
4h,4h #5,primary,163.2,2108.63,1971.07,0.504444
4h,4h #5,primary,168,1659.87,1522.26,0.389584
4h,4h #5,primary,172.8,1320.02,1182.35,0.302592
4h,4h #5,primary,177.6,1085.92,948.3,0.242693
4h,4h #5,primary,182.4,927.018,789.343,0.202012
4h,4h #5,primary,187.2,815.329,677.542,0.1734
4h,4h #5,primary,192,729.101,591.293,0.151326
4h,4h #5,primary,196.8,661.77,523.949,0.134091
4h,4h #5,primary,201.6,610.686,472.848,0.121013
4h,4h #5,primary,206.4,570.815,433.259,0.110882
4h,4h #5,primary,211.2,533.124,395.385,0.101189
4h,4h #5,primary,216,504.082,366.387,0.0937672
4h,4h #5,primary,220.8,478.052,340.361,0.0871066
4h,4h #5,primary,225.6,453.128,315.614,0.0807734
4h,4h #5,primary,230.4,436.578,298.929,0.0765032
4h,4h #5,primary,235.2,417.788,280.071,0.0716769
4h,4h #5,primary,240,402.661,264.867,0.067786
4h,4h #5,primary,244.8,387.482,249.811,0.0639327
4h,4h #5,primary,249.6,377.61,239.812,0.0613738
4h,4h #5,primary,254.4,367.813,230.068,0.0588801
4h,4h #5,primary,259.2,354.912,217.068,0.055553
4h,4h #5,primary,264,349.311,211.674,0.0541726
4h,4h #5,primary,268.8,344.097,206.365,0.0528139
4h,4h #5,primary,273.6,343.791,206.036,0.0527297
4h,4h #5,primary,278.4,342.689,205.039,0.0524744
4h,4h #5,primary,283.2,336.262,198.742,0.0508628
4h,4h #5,primary,288,326.623,189.038,0.0483795
4h,4h #5,primary,292.8,321.887,184.189,0.0471384
4h,4h #5,primary,297.6,321.785,184.061,0.0471057
4h,4h #5,primary,302.4,319.497,181.648,0.0464881
4h,4h #5,primary,307.2,309.972,172.071,0.0440372
4h,4h #5,primary,312,298.76,160.948,0.0411905
4h,4h #5,primary,316.8,286.134,148.342,0.0379644
4h,4h #5,primary,321.6,275.996,138.212,0.0353719
4h,4h #5,primary,326.4,269.664,131.996,0.0337809
4h,4h #5,primary,331.2,264.513,126.688,0.0324224
4h,4h #5,primary,336,260.436,122.747,0.031414
4h,4h #5,primary,340.8,256.509,118.669,0.0303703
4h,4h #5,primary,345.6,254.29,116.567,0.0298324
4h,4h #5,primary,350.4,248.722,110.988,0.0284044
4h,4h #5,primary,355.2,248.047,110.187,0.0281995
4h,4h #5,primary,360,242.973,105.223,0.0269292
4h,4h #5,primary,364.8,241.432,103.678,0.0265338
4h,4h #5,primary,369.6,237.816,100.311,0.025672
4h,4h #5,primary,374.4,236.362,98.5402,0.0252188
4h,4h #5,primary,379.2,233.507,95.8822,0.0245386
4h,4h #5,primary,384,231.816,94.2869,0.0241303
4h,4h #5,primary,388.8,228.187,90.3563,0.0231244
4h,4h #5,primary,393.6,228.139,90.3631,0.0231261
4h,4h #5,primary,398.4,224.587,87.1422,0.0223018
4h,4h #5,primary,403.2,222.377,84.5574,0.0216403
4h,4h #5,primary,408,222.422,84.7994,0.0217022
4h,4h #5,primary,412.8,219.856,82.0028,0.0209865
4h,4h #5,primary,417.6,218.306,80.6487,0.02064
4h,4h #5,primary,422.4,217.105,79.4378,0.0203301
4h,4h #5,primary,427.2,214.322,76.6135,0.0196072
4h,4h #5,primary,432,214.315,76.6566,0.0196183
4h,4h #5,primary,436.8,211.229,73.4259,0.0187915
4h,4h #5,primary,441.6,210.093,72.386,0.0185253
4h,4h #5,primary,446.4,209.074,70.8853,0.0181413
4h,4h #5,primary,451.2,208.632,70.5843,0.0180642
4h,4h #5,primary,456,207.432,69.3411,0.0177461
4h,4h #5,primary,460.8,204.454,66.6514,0.0170577
4h,4h #5,primary,465.6,203.234,65.32,0.016717
4h,4h #5,primary,470.4,203.51,65.7455,0.0168259
4h,4h #5,primary,475.2,201.948,64.1578,0.0164195
4h,4h #6,primary,0,4060.73,3924.19,0.999983
4h,4h #6,primary,4.8,4060.18,3923.98,0.99993
4h,4h #6,primary,9.6,4060.68,3924.6,1.00009
4h,4h #6,primary,14.4,4061.89,3925.95,1.00043
4h,4h #6,primary,19.2,4062.86,3926.78,1.00064
4h,4h #6,primary,24,4062.31,3925.93,1.00043
4h,4h #6,primary,28.8,4062.76,3926.45,1.00056
4h,4h #6,primary,33.6,4063.31,3926.88,1.00067
4h,4h #6,primary,38.4,4062.79,3926.42,1.00055
4h,4h #6,primary,43.2,4064.38,3927.84,1.00091
4h,4h #6,primary,48,4064.91,3927.94,1.00094
4h,4h #6,primary,52.8,4064.18,3927.48,1.00082
4h,4h #6,primary,57.6,4063.94,3927.31,1.00078
4h,4h #6,primary,62.4,4064.83,3928.35,1.00104
4h,4h #6,primary,67.2,4062.88,3926.08,1.00047
4h,4h #6,primary,72,4062.91,3926.06,1.00046
4h,4h #6,primary,76.8,4061.1,3924.2,0.999985
4h,4h #6,primary,81.6,4060.81,3923.98,0.999931
4h,4h #6,primary,86.4,4057.54,3920.53,0.99905
4h,4h #6,primary,91.2,4053.83,3916.9,0.998125
4h,4h #6,primary,96,4048.62,3911.4,0.996724
4h,4h #6,primary,100.8,4033.67,3896.63,0.992959
4h,4h #6,primary,105.6,4003.73,3866.55,0.985295
4h,4h #6,primary,110.4,3929.59,3792.45,0.966413
4h,4h #6,primary,115.2,3811.21,3674.37,0.936321
4h,4h #6,primary,120,3680.73,3543.67,0.903018
4h,4h #6,primary,124.8,3529.27,3391.93,0.86435
4h,4h #6,primary,129.6,3296.51,3159.27,0.805063
4h,4h #6,primary,134.4,2936.21,2798.94,0.713242
4h,4h #6,primary,139.2,2459.5,2322.12,0.591735
4h,4h #6,primary,144,1967.21,1829.8,0.466279
4h,4h #6,primary,148.8,1559.64,1422.27,0.36243
4h,4h #6,primary,153.6,1257.57,1119.94,0.285388
4h,4h #6,primary,158.4,1053.37,915.785,0.233365
4h,4h #6,primary,163.2,914.441,776.883,0.19797
4h,4h #6,primary,168,807.549,669.937,0.170717
4h,4h #6,primary,172.8,729.831,592.166,0.150899
4h,4h #6,primary,177.6,666.285,528.661,0.134716
4h,4h #6,primary,182.4,619.947,482.272,0.122895
4h,4h #6,primary,187.2,576.421,438.635,0.111775
4h,4h #6,primary,192,540.161,402.353,0.10253
4h,4h #6,primary,196.8,511.508,373.687,0.0952248
4h,4h #6,primary,201.6,486.549,348.71,0.0888601
4h,4h #6,primary,206.4,463.23,325.674,0.0829901
4h,4h #6,primary,211.2,443.528,305.79,0.077923
4h,4h #6,primary,216,427.336,289.64,0.0738076
4h,4h #6,primary,220.8,409.76,272.069,0.0693301
4h,4h #6,primary,225.6,396.415,258.901,0.0659746
4h,4h #6,primary,230.4,384.631,246.982,0.0629373
4h,4h #6,primary,235.2,373.149,235.432,0.0599941
4h,4h #6,primary,240,363.672,225.878,0.0575594
4h,4h #6,primary,244.8,356.977,219.306,0.0558847
4h,4h #6,primary,249.6,352.794,214.996,0.0547863
4h,4h #6,primary,254.4,350.81,213.065,0.0542945
4h,4h #6,primary,259.2,347.72,209.876,0.0534817
4h,4h #6,primary,264,339.479,201.842,0.0514346
4h,4h #6,primary,268.8,329.506,191.775,0.048869
4h,4h #6,primary,273.6,327.267,189.513,0.0482926
4h,4h #6,primary,278.4,327.272,189.622,0.0483205
4h,4h #6,primary,283.2,323.194,185.674,0.0473144
4h,4h #6,primary,288,311.474,173.89,0.0443115
4h,4h #6,primary,292.8,297.448,159.749,0.0407082
4h,4h #6,primary,297.6,286.436,148.712,0.0378956
4h,4h #6,primary,302.4,278.373,140.524,0.0358091
4h,4h #6,primary,307.2,272.513,134.612,0.0343025
4h,4h #6,primary,312,268.231,130.419,0.0332341
4h,4h #6,primary,316.8,264.489,126.697,0.0322856
4h,4h #6,primary,321.6,261.395,123.612,0.0314994
4h,4h #6,primary,326.4,257,119.331,0.0304086
4h,4h #6,primary,331.2,252.038,114.213,0.0291043
4h,4h #6,primary,336,249.57,111.881,0.0285101
4h,4h #6,primary,340.8,246.989,109.149,0.027814
4h,4h #6,primary,345.6,243.509,105.787,0.0269572
4h,4h #6,primary,350.4,241.358,103.624,0.026406
4h,4h #6,primary,355.2,238.678,100.818,0.0256909
4h,4h #6,primary,360,237.515,99.7655,0.0254228
4h,4h #6,primary,364.8,234.274,96.5192,0.0245955
4h,4h #6,primary,369.6,230.998,93.4936,0.0238246
4h,4h #6,primary,374.4,229.388,91.5665,0.0233335
4h,4h #6,primary,379.2,226.781,89.1564,0.0227193
4h,4h #6,primary,384,227.135,89.6058,0.0228338
4h,4h #6,primary,388.8,223.744,85.9132,0.0218929
4h,4h #6,primary,393.6,222.407,84.6309,0.0215661
4h,4h #6,primary,398.4,220.597,83.1531,0.0211895
4h,4h #6,primary,403.2,218.714,80.8949,0.0206141
4h,4h #6,primary,408,217.19,79.5672,0.0202757
4h,4h #6,primary,412.8,216.331,78.478,0.0199982
4h,4h #6,primary,417.6,214.554,76.8967,0.0195952
4h,4h #6,primary,422.4,213.088,75.4211,0.0192192
4h,4h #6,primary,427.2,211.104,73.3956,0.0187031
4h,4h #6,primary,432,210.349,72.6907,0.0185234
4h,4h #6,primary,436.8,208.818,71.0146,0.0180963
4h,4h #6,primary,441.6,207.595,69.8884,0.0178093
4h,4h #6,primary,446.4,205.661,67.4717,0.0171935
4h,4h #6,primary,451.2,205.68,67.6317,0.0172343
4h,4h #6,primary,456,204.123,66.0316,0.0168265
4h,4h #6,primary,460.8,203.381,65.5776,0.0167108
4h,4h #6,primary,465.6,201.724,63.8102,0.0162605
4h,4h #6,primary,470.4,200.526,62.761,0.0159931
4h,4h #6,primary,475.2,200.43,62.6395,0.0159621
4h,4h #7,primary,0,4063.5,3926.96,0.999613
4h,4h #7,primary,4.8,4065.11,3928.91,1.00011
4h,4h #7,primary,9.6,4065.65,3929.57,1.00028
4h,4h #7,primary,14.4,4066.58,3930.64,1.00055
4h,4h #7,primary,19.2,4067.34,3931.25,1.00071
4h,4h #7,primary,24,4067.83,3931.45,1.00076
4h,4h #7,primary,28.8,4067.91,3931.6,1.0008
4h,4h #7,primary,33.6,4069.03,3932.6,1.00105
4h,4h #7,primary,38.4,4069.12,3932.74,1.00108
4h,4h #7,primary,43.2,4068.81,3932.27,1.00097
4h,4h #7,primary,48,4069.38,3932.42,1.001
4h,4h #7,primary,52.8,4068.65,3931.95,1.00088
4h,4h #7,primary,57.6,4067.83,3931.21,1.00069
4h,4h #7,primary,62.4,4066.03,3929.55,1.00027
4h,4h #7,primary,67.2,4064.48,3927.69,0.9998
4h,4h #7,primary,72,4060.15,3923.29,0.998681
4h,4h #7,primary,76.8,4053.68,3916.77,0.99702
4h,4h #7,primary,81.6,4037.21,3900.39,0.99285
4h,4h #7,primary,86.4,3994.06,3857.04,0.981816
4h,4h #7,primary,91.2,3908.84,3771.91,0.960146
4h,4h #7,primary,96,3789.4,3652.18,0.929668
4h,4h #7,primary,100.8,3662.47,3525.44,0.897405
4h,4h #7,primary,105.6,3496.55,3359.38,0.855135
4h,4h #7,primary,110.4,3225.23,3088.09,0.786079
4h,4h #7,primary,115.2,2820.44,2683.6,0.683114
4h,4h #7,primary,120,2329.19,2192.13,0.558009
4h,4h #7,primary,124.8,1857.24,1719.9,0.437804
4h,4h #7,primary,129.6,1469.92,1332.68,0.339235
4h,4h #7,primary,134.4,1208.09,1070.82,0.272579
4h,4h #7,primary,139.2,1028.07,890.692,0.226727
4h,4h #7,primary,144,893.157,755.742,0.192375
4h,4h #7,primary,148.8,805.503,668.134,0.170075
4h,4h #7,primary,153.6,725.178,587.544,0.14956
4h,4h #7,primary,158.4,668.04,530.455,0.135028
4h,4h #7,primary,163.2,619.072,481.514,0.12257
4h,4h #7,primary,168,579.962,442.351,0.112601
4h,4h #7,primary,172.8,543.599,405.934,0.103331
4h,4h #7,primary,177.6,517.956,380.332,0.0968142
4h,4h #7,primary,182.4,489.873,352.198,0.0896525
4h,4h #7,primary,187.2,467.641,329.855,0.0839651
4h,4h #7,primary,192,448.076,310.267,0.0789791
4h,4h #7,primary,196.8,428.988,291.166,0.0741169
4h,4h #7,primary,201.6,415.217,277.378,0.0706071
4h,4h #7,primary,206.4,401.772,264.216,0.0672567
4h,4h #7,primary,211.2,391.503,253.765,0.0645963
4h,4h #7,primary,216,379.704,242.008,0.0616036
4h,4h #7,primary,220.8,371.473,233.782,0.0595096
4h,4h #7,primary,225.6,365.619,228.105,0.0580645
4h,4h #7,primary,230.4,359.348,221.699,0.0564338
4h,4h #7,primary,235.2,359.214,221.497,0.0563823
4h,4h #7,primary,240,353.682,215.888,0.0549547
4h,4h #7,primary,244.8,343.039,205.368,0.0522767
4h,4h #7,primary,249.6,338.249,200.451,0.0510251
4h,4h #7,primary,254.4,333.509,195.764,0.0498321
4h,4h #7,primary,259.2,332.42,194.576,0.0495295
4h,4h #7,primary,264,325.701,188.065,0.0478721
4h,4h #7,primary,268.8,312.266,174.535,0.0444281
4h,4h #7,primary,273.6,300.452,162.697,0.0414148
4h,4h #7,primary,278.4,287.356,149.706,0.0381079
4h,4h #7,primary,283.2,282.17,144.65,0.0368209
4h,4h #7,primary,288,276.613,139.029,0.0353899
4h,4h #7,primary,292.8,271.374,133.675,0.0340272
4h,4h #7,primary,297.6,266.299,128.575,0.0327291
4h,4h #7,primary,302.4,263.732,125.883,0.0320437
4h,4h #7,primary,307.2,259.449,121.548,0.0309402
4h,4h #7,primary,312,256.08,118.267,0.0301051
4h,4h #7,primary,316.8,253.324,115.532,0.0294089
4h,4h #7,primary,321.6,250.163,112.379,0.0286063
4h,4h #7,primary,326.4,249.187,111.518,0.0283872
4h,4h #7,primary,331.2,245.665,107.84,0.0274508
4h,4h #7,primary,336,242.516,104.827,0.0266839
4h,4h #7,primary,340.8,238.581,100.741,0.0256439
4h,4h #7,primary,345.6,236.75,99.0278,0.0252077
4h,4h #7,primary,350.4,235.564,97.8304,0.0249029
4h,4h #7,primary,355.2,233.025,95.1639,0.0242241
4h,4h #7,primary,360,230.526,92.7765,0.0236164
4h,4h #7,primary,364.8,228.952,91.1974,0.0232144
4h,4h #7,primary,369.6,226.206,88.7011,0.022579
4h,4h #7,primary,374.4,225.189,87.3666,0.0222393
4h,4h #7,primary,379.2,221.955,84.3302,0.0214664
4h,4h #7,primary,384,221.357,83.8279,0.0213385
4h,4h #7,primary,388.8,220.086,82.2548,0.0209381
4h,4h #7,primary,393.6,218.917,81.1413,0.0206547
4h,4h #7,primary,398.4,216.362,78.918,0.0200887
4h,4h #7,primary,403.2,215.336,77.5165,0.019732
4h,4h #7,primary,408,214.147,76.5242,0.0194794
4h,4h #7,primary,412.8,213.015,75.1623,0.0191327
4h,4h #7,primary,417.6,211.928,74.271,0.0189058
4h,4h #7,primary,422.4,210.319,72.6523,0.0184938
4h,4h #7,primary,427.2,208.236,70.5277,0.0179529
4h,4h #7,primary,432,206.649,68.9912,0.0175618
4h,4h #7,primary,436.8,206.968,69.1647,0.017606
4h,4h #7,primary,441.6,204.666,66.9593,0.0170446
4h,4h #7,primary,446.4,204.427,66.2383,0.0168611
4h,4h #7,primary,451.2,202.484,64.4361,0.0164023
4h,4h #7,primary,456,202.953,64.8616,0.0165106
4h,4h #7,primary,460.8,201.093,63.2901,0.0161106
4h,4h #7,primary,465.6,200.074,62.1593,0.0158227
4h,4h #7,primary,470.4,199.073,61.3081,0.0156061
4h,4h #7,primary,475.2,197.696,59.9058,0.0152491
12h,12h #1,primary,0,613.171,476.629,1.01112
12h,12h #1,primary,4.8,607.493,471.292,0.999797
12h,12h #1,primary,9.6,602.322,466.242,0.989084
12h,12h #1,primary,14.4,596.869,460.927,0.977809
12h,12h #1,primary,19.2,592.3,456.212,0.967806
12h,12h #1,primary,24,587.428,451.047,0.956849
12h,12h #1,primary,28.8,581.922,445.612,0.945319
12h,12h #1,primary,33.6,577.343,440.918,0.935361
12h,12h #1,primary,38.4,571.164,434.787,0.922354
12h,12h #1,primary,43.2,569.063,432.524,0.917555
12h,12h #1,primary,48,561.817,424.85,0.901275
12h,12h #1,primary,52.8,555.776,419.07,0.889014
12h,12h #1,primary,57.6,554.15,417.527,0.88574
12h,12h #1,primary,62.4,548.561,412.085,0.874196
12h,12h #1,primary,67.2,542.336,405.544,0.86032
12h,12h #1,primary,72,538.333,401.478,0.851694
12h,12h #1,primary,76.8,532.358,395.452,0.83891
12h,12h #1,primary,81.6,528.887,392.065,0.831725
12h,12h #1,primary,86.4,523.688,386.676,0.820293
12h,12h #1,primary,91.2,520.054,383.122,0.812753
12h,12h #1,primary,96,513.921,376.699,0.799127
12h,12h #1,primary,100.8,510.933,373.894,0.793177
12h,12h #1,primary,105.6,504.881,367.708,0.780053
12h,12h #1,primary,110.4,504.278,367.145,0.77886
12h,12h #1,primary,115.2,497.726,360.88,0.765569
12h,12h #1,primary,120,493.606,356.546,0.756374
12h,12h #1,primary,124.8,490.15,352.815,0.748461
12h,12h #1,primary,129.6,485.948,348.71,0.739751
12h,12h #1,primary,134.4,482.6,345.33,0.732581
12h,12h #1,primary,139.2,480.454,343.075,0.727798
12h,12h #1,primary,144,475.141,337.726,0.716451
12h,12h #1,primary,148.8,471.787,334.418,0.709433
12h,12h #1,primary,153.6,467.245,329.612,0.699237
12h,12h #1,primary,158.4,464.293,326.708,0.693077
12h,12h #1,primary,163.2,459.223,321.665,0.682378
12h,12h #1,primary,168,457.911,320.299,0.679481
12h,12h #1,primary,172.8,452.35,314.685,0.667572
12h,12h #1,primary,177.6,451.293,313.669,0.665417
12h,12h #1,primary,182.4,445.751,308.075,0.653549
12h,12h #1,primary,187.2,442.334,304.548,0.646067
12h,12h #1,primary,192,438.296,300.488,0.637453
12h,12h #1,primary,196.8,437.166,299.345,0.635029
12h,12h #1,primary,201.6,431.295,293.456,0.622537
12h,12h #1,primary,206.4,433.523,295.967,0.627863
12h,12h #1,primary,211.2,429.018,291.28,0.61792
12h,12h #1,primary,216,423.17,285.475,0.605605
12h,12h #1,primary,220.8,421.337,283.645,0.601724
12h,12h #1,primary,225.6,419.916,282.402,0.599086
12h,12h #1,primary,230.4,416.91,279.26,0.592422
12h,12h #1,primary,235.2,413.965,276.248,0.586032
12h,12h #1,primary,240,412.351,274.557,0.582445
12h,12h #1,primary,244.8,410.544,272.872,0.57887
12h,12h #1,primary,249.6,408.209,270.411,0.573648
12h,12h #1,primary,254.4,404.705,266.96,0.566328
12h,12h #1,primary,259.2,402.318,264.474,0.561054
12h,12h #1,primary,264,400.284,262.648,0.55718
12h,12h #1,primary,268.8,396.985,259.254,0.54998
12h,12h #1,primary,273.6,395.068,257.314,0.545865
12h,12h #1,primary,278.4,392.573,254.923,0.540793
12h,12h #1,primary,283.2,390.623,253.103,0.536931
12h,12h #1,primary,288,387.498,249.914,0.530166
12h,12h #1,primary,292.8,386.021,248.322,0.52679
12h,12h #1,primary,297.6,382.534,244.81,0.519338
12h,12h #1,primary,302.4,382.836,244.986,0.519713
12h,12h #1,primary,307.2,378.693,240.792,0.510815
12h,12h #1,primary,312,377.831,240.019,0.509175
12h,12h #1,primary,316.8,375.592,237.8,0.504468
12h,12h #1,primary,321.6,373.361,235.578,0.499753
12h,12h #1,primary,326.4,370.535,232.866,0.494001
12h,12h #1,primary,331.2,368.282,230.456,0.488889
12h,12h #1,primary,336,366.373,228.684,0.485129
12h,12h #1,primary,340.8,364.976,227.136,0.481845
12h,12h #1,primary,345.6,360.967,223.244,0.47359
12h,12h #1,primary,350.4,358.322,220.587,0.467953
12h,12h #1,primary,355.2,358.046,220.185,0.467101
12h,12h #1,primary,360,356.221,218.472,0.463465
12h,12h #1,primary,364.8,352.118,214.364,0.454751
12h,12h #1,primary,369.6,352.04,214.535,0.455114
12h,12h #1,primary,374.4,347.588,209.766,0.444996
12h,12h #1,primary,379.2,345.667,208.042,0.441339
12h,12h #1,primary,384,344.012,206.483,0.438031
12h,12h #1,primary,388.8,342.632,204.801,0.434464
12h,12h #1,primary,393.6,339.719,201.943,0.428401
12h,12h #1,primary,398.4,340.613,203.169,0.431002
12h,12h #1,primary,403.2,337.415,199.596,0.423422
12h,12h #1,primary,408,335.89,198.267,0.420603
12h,12h #1,primary,412.8,334.558,196.705,0.41729
12h,12h #1,primary,417.6,331.211,193.554,0.410605
12h,12h #1,primary,422.4,328.32,190.653,0.404451
12h,12h #1,primary,427.2,328.348,190.64,0.404422
12h,12h #1,primary,432,326.97,189.312,0.401606
12h,12h #1,primary,436.8,324.22,186.416,0.395462
12h,12h #1,primary,441.6,322.761,185.055,0.392574
12h,12h #1,primary,446.4,322.169,183.98,0.390294
12h,12h #1,primary,451.2,318.997,180.949,0.383864
12h,12h #1,primary,456,318.691,180.6,0.383124
12h,12h #1,primary,460.8,317.112,179.31,0.380387
12h,12h #1,primary,465.6,314.825,176.911,0.375299
12h,12h #1,primary,470.4,313.612,175.847,0.373041
12h,12h #1,primary,475.2,313.385,175.595,0.372506
12h,12h #2,primary,0,731.976,595.434,1.01414
12h,12h #2,primary,4.8,724.235,588.034,1.00154
12h,12h #2,primary,9.6,714.004,577.925,0.98432
12h,12h #2,primary,14.4,711.835,575.892,0.980858
12h,12h #2,primary,19.2,704.624,568.536,0.968329
12h,12h #2,primary,24,698.404,562.023,0.957236
12h,12h #2,primary,28.8,688.773,552.463,0.940953
12h,12h #2,primary,33.6,683.602,547.177,0.93195
12h,12h #2,primary,38.4,675.573,539.195,0.918356
12h,12h #2,primary,43.2,670.479,533.94,0.909404
12h,12h #2,primary,48,665.241,528.274,0.899755
12h,12h #2,primary,52.8,660.598,523.893,0.892294
12h,12h #2,primary,57.6,654.419,517.796,0.881909
12h,12h #2,primary,62.4,647.707,511.231,0.870728
12h,12h #2,primary,67.2,642.761,505.969,0.861765
12h,12h #2,primary,72,633.033,496.178,0.845089
12h,12h #2,primary,76.8,629.095,492.189,0.838295
12h,12h #2,primary,81.6,623.408,486.586,0.828753
12h,12h #2,primary,86.4,618.653,481.642,0.820331
12h,12h #2,primary,91.2,616.533,479.601,0.816855
12h,12h #2,primary,96,608.745,471.522,0.803096
12h,12h #2,primary,100.8,602.421,465.383,0.792638
12h,12h #2,primary,105.6,598.823,461.649,0.78628
12h,12h #2,primary,110.4,593.363,456.23,0.77705
12h,12h #2,primary,115.2,586.736,449.89,0.766252
12h,12h #2,primary,120,579.474,442.414,0.753518
12h,12h #2,primary,124.8,576.093,438.758,0.747292
12h,12h #2,primary,129.6,570.624,433.386,0.738142
12h,12h #2,primary,134.4,562.503,425.233,0.724256
12h,12h #2,primary,139.2,561.855,424.476,0.722966
12h,12h #2,primary,144,554.525,417.11,0.71042
12h,12h #2,primary,148.8,549.054,411.685,0.701181
12h,12h #2,primary,153.6,546.392,408.759,0.696197
12h,12h #2,primary,158.4,545.496,407.911,0.694753
12h,12h #2,primary,163.2,534.218,396.66,0.67559
12h,12h #2,primary,168,533.362,395.75,0.674041
12h,12h #2,primary,172.8,528.148,390.483,0.66507
12h,12h #2,primary,177.6,523.752,386.128,0.657652
12h,12h #2,primary,182.4,519.39,381.715,0.650135
12h,12h #2,primary,187.2,513.329,375.543,0.639623
12h,12h #2,primary,192,512.358,374.55,0.637932
12h,12h #2,primary,196.8,507.802,369.98,0.630149
12h,12h #2,primary,201.6,505.641,367.802,0.626439
12h,12h #2,primary,206.4,498.472,360.916,0.614712
12h,12h #2,primary,211.2,495.934,358.195,0.610077
12h,12h #2,primary,216,489.112,351.416,0.598531
12h,12h #2,primary,220.8,488.153,350.461,0.596905
12h,12h #2,primary,225.6,481.716,344.203,0.586245
12h,12h #2,primary,230.4,478.173,340.524,0.579979
12h,12h #2,primary,235.2,476.396,338.679,0.576837
12h,12h #2,primary,240,473.286,335.493,0.57141
12h,12h #2,primary,244.8,467.792,330.121,0.562261
12h,12h #2,primary,249.6,464.085,326.287,0.555731
12h,12h #2,primary,254.4,462.067,324.322,0.552384
12h,12h #2,primary,259.2,459.14,321.295,0.54723
12h,12h #2,primary,264,455.24,317.603,0.540941
12h,12h #2,primary,268.8,449.589,311.857,0.531155
12h,12h #2,primary,273.6,447.066,309.312,0.526819
12h,12h #2,primary,278.4,445.921,308.271,0.525046
12h,12h #2,primary,283.2,442.449,304.929,0.519353
12h,12h #2,primary,288,440.508,302.924,0.515939
12h,12h #2,primary,292.8,438.955,301.256,0.513099
12h,12h #2,primary,297.6,433.539,295.815,0.503832
12h,12h #2,primary,302.4,430.983,293.133,0.499264
12h,12h #2,primary,307.2,428.874,290.973,0.495584
12h,12h #2,primary,312,426.205,288.392,0.491189
12h,12h #2,primary,316.8,422.011,284.218,0.48408
12h,12h #2,primary,321.6,418.745,280.962,0.478533
12h,12h #2,primary,326.4,416.991,279.323,0.475742
12h,12h #2,primary,331.2,413.793,275.968,0.470028
12h,12h #2,primary,336,409.39,271.701,0.462761
12h,12h #2,primary,340.8,406.704,268.864,0.457929
12h,12h #2,primary,345.6,404.78,267.057,0.454851
12h,12h #2,primary,350.4,402.464,264.729,0.450887
12h,12h #2,primary,355.2,401.973,264.112,0.449835
12h,12h #2,primary,360,399.502,261.752,0.445816
12h,12h #2,primary,364.8,398.404,260.649,0.443937
12h,12h #2,primary,369.6,393.425,255.92,0.435883
12h,12h #2,primary,374.4,392.354,254.532,0.433519
12h,12h #2,primary,379.2,388.259,250.634,0.426879
12h,12h #2,primary,384,386.255,248.725,0.423628
12h,12h #2,primary,388.8,384.342,246.511,0.419857
12h,12h #2,primary,393.6,382.895,245.12,0.417487
12h,12h #2,primary,398.4,379.223,241.778,0.411796
12h,12h #2,primary,403.2,376.987,239.167,0.407349
12h,12h #2,primary,408,374.503,236.88,0.403454
12h,12h #2,primary,412.8,373.437,235.584,0.401246
12h,12h #2,primary,417.6,370.429,232.772,0.396457
12h,12h #2,primary,422.4,370.744,233.078,0.396977
12h,12h #2,primary,427.2,365.859,228.151,0.388586
12h,12h #2,primary,432,366.777,229.119,0.390235
12h,12h #2,primary,436.8,362.417,224.613,0.382561
12h,12h #2,primary,441.6,360.867,223.16,0.380086
12h,12h #2,primary,446.4,357.155,218.965,0.372941
12h,12h #2,primary,451.2,355.153,217.105,0.369772
12h,12h #2,primary,456,353.272,215.181,0.366496
12h,12h #2,primary,460.8,352.311,214.508,0.365349
12h,12h #2,primary,465.6,349.578,211.664,0.360506
12h,12h #2,primary,470.4,348.387,210.622,0.358731
12h,12h #2,primary,475.2,346.996,209.205,0.356318
12h,12h #3,primary,0,667.02,530.478,1.01064
12h,12h #3,primary,4.8,659.884,523.682,0.99769
12h,12h #3,primary,9.6,656.604,520.525,0.991674
12h,12h #3,primary,14.4,650.209,514.266,0.979751
12h,12h #3,primary,19.2,647.784,511.696,0.974855
12h,12h #3,primary,24,637.672,501.292,0.955033
12h,12h #3,primary,28.8,635.822,499.513,0.951644
12h,12h #3,primary,33.6,627.884,491.458,0.936299
12h,12h #3,primary,38.4,622.751,486.373,0.92661
12h,12h #3,primary,43.2,617.513,480.974,0.916324
12h,12h #3,primary,48,613.661,476.694,0.908171
12h,12h #3,primary,52.8,608.92,472.215,0.899637
12h,12h #3,primary,57.6,605.824,469.201,0.893896
12h,12h #3,primary,62.4,597.901,461.426,0.879083
12h,12h #3,primary,67.2,596.18,459.388,0.875201
12h,12h #3,primary,72,588.005,451.15,0.859505
12h,12h #3,primary,76.8,584.773,447.867,0.853251
12h,12h #3,primary,81.6,576.766,439.944,0.838157
12h,12h #3,primary,86.4,573.167,436.155,0.830938
12h,12h #3,primary,91.2,570.037,433.105,0.825127
12h,12h #3,primary,96,567.964,430.742,0.820625
12h,12h #3,primary,100.8,562.445,425.407,0.810461
12h,12h #3,primary,105.6,557.151,419.978,0.800118
12h,12h #3,primary,110.4,551.557,414.424,0.789537
12h,12h #3,primary,115.2,546.494,409.648,0.780439
12h,12h #3,primary,120,543.533,406.473,0.77439
12h,12h #3,primary,124.8,538.908,401.573,0.765054
12h,12h #3,primary,129.6,533.644,396.406,0.75521
12h,12h #3,primary,134.4,529.471,392.2,0.747198
12h,12h #3,primary,139.2,524.336,386.957,0.737209
12h,12h #3,primary,144,521.237,383.822,0.731236
12h,12h #3,primary,148.8,515.062,377.693,0.71956
12h,12h #3,primary,153.6,512.757,375.123,0.714664
12h,12h #3,primary,158.4,508.898,371.313,0.707405
12h,12h #3,primary,163.2,504.87,367.312,0.699782
12h,12h #3,primary,168,498.411,360.799,0.687375
12h,12h #3,primary,172.8,494.529,356.863,0.679876
12h,12h #3,primary,177.6,491.89,354.266,0.674927
12h,12h #3,primary,182.4,486.06,348.384,0.663722
12h,12h #3,primary,187.2,482.969,345.183,0.657623
12h,12h #3,primary,192,477.951,340.143,0.64802
12h,12h #3,primary,196.8,474.913,337.091,0.642208
12h,12h #3,primary,201.6,471.877,334.038,0.63639
12h,12h #3,primary,206.4,466.426,328.87,0.626544
12h,12h #3,primary,211.2,463.448,325.71,0.620524
12h,12h #3,primary,216,459.835,322.139,0.613721
12h,12h #3,primary,220.8,456.812,319.121,0.607971
12h,12h #3,primary,225.6,452.696,315.182,0.600467
12h,12h #3,primary,230.4,448.395,310.745,0.592015
12h,12h #3,primary,235.2,446.309,308.591,0.587911
12h,12h #3,primary,240,442.188,304.394,0.579915
12h,12h #3,primary,244.8,438.633,300.962,0.573376
12h,12h #3,primary,249.6,434.105,296.307,0.564508
12h,12h #3,primary,254.4,432.08,294.335,0.56075
12h,12h #3,primary,259.2,428.155,290.311,0.553084
12h,12h #3,primary,264,425.763,288.126,0.548922
12h,12h #3,primary,268.8,421.117,283.386,0.53989
12h,12h #3,primary,273.6,419.087,281.333,0.535979
12h,12h #3,primary,278.4,417.735,280.085,0.533602
12h,12h #3,primary,283.2,412.037,274.517,0.522995
12h,12h #3,primary,288,409.604,272.019,0.518235
12h,12h #3,primary,292.8,404.712,267.013,0.508698
12h,12h #3,primary,297.6,401.912,264.188,0.503317
12h,12h #3,primary,302.4,400.351,262.502,0.500104
12h,12h #3,primary,307.2,396.456,258.555,0.492584
12h,12h #3,primary,312,394.811,256.999,0.489619
12h,12h #3,primary,316.8,392.661,254.869,0.485561
12h,12h #3,primary,321.6,388.455,250.671,0.477565
12h,12h #3,primary,326.4,386.915,249.247,0.474851
12h,12h #3,primary,331.2,384.836,247.01,0.47059
12h,12h #3,primary,336,382.289,244.6,0.465998
12h,12h #3,primary,340.8,378.06,240.221,0.457655
12h,12h #3,primary,345.6,377.31,239.587,0.456448
12h,12h #3,primary,350.4,375.046,237.312,0.452113
12h,12h #3,primary,355.2,370.934,233.073,0.444038
12h,12h #3,primary,360,370.259,232.51,0.442964
12h,12h #3,primary,364.8,366.496,228.741,0.435785
12h,12h #3,primary,369.6,365.718,228.214,0.43478
12h,12h #3,primary,374.4,361.332,223.51,0.425819
12h,12h #3,primary,379.2,360.712,223.087,0.425013
12h,12h #3,primary,384,358.243,220.714,0.420491
12h,12h #3,primary,388.8,356.218,218.387,0.416059
12h,12h #3,primary,393.6,353.281,215.505,0.410568
12h,12h #3,primary,398.4,352.92,215.475,0.410512
12h,12h #3,primary,403.2,350.316,212.497,0.404836
12h,12h #3,primary,408,347.407,209.784,0.399669
12h,12h #3,primary,412.8,345.539,207.686,0.395672
12h,12h #3,primary,417.6,344.716,207.059,0.394477
12h,12h #3,primary,422.4,341.293,203.626,0.387937
12h,12h #3,primary,427.2,339.362,201.654,0.38418
12h,12h #3,primary,432,340.559,202.901,0.386555
12h,12h #3,primary,436.8,338.958,201.154,0.383228
12h,12h #3,primary,441.6,336.416,198.709,0.378569
12h,12h #3,primary,446.4,333.581,195.392,0.37225
12h,12h #3,primary,451.2,333.711,195.663,0.372767
12h,12h #3,primary,456,330.286,192.195,0.366159
12h,12h #3,primary,460.8,328.496,190.693,0.363298
12h,12h #3,primary,465.6,327.163,189.249,0.360546
12h,12h #3,primary,470.4,326.377,188.612,0.359332
12h,12h #3,primary,475.2,323.3,185.51,0.353424
12h,12h #4,primary,0,806.809,670.267,1.00916
12h,12h #4,primary,4.8,800.44,664.238,1.00008
12h,12h #4,primary,9.6,794.13,658.05,0.990763
12h,12h #4,primary,14.4,785.86,649.918,0.978518
12h,12h #4,primary,19.2,776.2,640.112,0.963755
12h,12h #4,primary,24,772.441,636.06,0.957655
12h,12h #4,primary,28.8,764.031,627.722,0.9451
12h,12h #4,primary,33.6,759.705,623.279,0.938411
12h,12h #4,primary,38.4,752.763,616.385,0.928031
12h,12h #4,primary,43.2,744.051,607.511,0.914672
12h,12h #4,primary,48,739.916,602.95,0.907803
12h,12h #4,primary,52.8,733.1,596.394,0.897934
12h,12h #4,primary,57.6,724.135,587.512,0.88456
12h,12h #4,primary,62.4,721.142,584.667,0.880276
12h,12h #4,primary,67.2,714.558,577.766,0.869887
12h,12h #4,primary,72,707.981,571.125,0.859889
12h,12h #4,primary,76.8,701.408,564.502,0.849917
12h,12h #4,primary,81.6,695.281,558.459,0.840818
12h,12h #4,primary,86.4,690.453,553.441,0.833263
12h,12h #4,primary,91.2,682.018,545.085,0.820683
12h,12h #4,primary,96,677.659,540.437,0.813684
12h,12h #4,primary,100.8,669.516,532.477,0.8017
12h,12h #4,primary,105.6,664.546,527.373,0.794014
12h,12h #4,primary,110.4,657.744,520.611,0.783834
12h,12h #4,primary,115.2,654.199,517.353,0.778929
12h,12h #4,primary,120,646.917,509.857,0.767643
12h,12h #4,primary,124.8,637.659,500.324,0.75329
12h,12h #4,primary,129.6,633.443,496.205,0.747088
12h,12h #4,primary,134.4,626.758,489.488,0.736975
12h,12h #4,primary,139.2,620.659,483.28,0.727628
12h,12h #4,primary,144,614.503,477.088,0.718306
12h,12h #4,primary,148.8,612.253,474.884,0.714988
12h,12h #4,primary,153.6,604.046,466.413,0.702233
12h,12h #4,primary,158.4,597.869,460.285,0.693006
12h,12h #4,primary,163.2,590.993,453.435,0.682693
12h,12h #4,primary,168,585.171,447.56,0.673848
12h,12h #4,primary,172.8,580.239,442.574,0.666341
12h,12h #4,primary,177.6,573.946,436.322,0.656927
12h,12h #4,primary,182.4,567.131,429.455,0.646589
12h,12h #4,primary,187.2,564.285,426.499,0.642138
12h,12h #4,primary,192,559.2,421.392,0.63445
12h,12h #4,primary,196.8,550.592,412.771,0.62147
12h,12h #4,primary,201.6,546.134,408.295,0.614731
12h,12h #4,primary,206.4,542.93,405.374,0.610333
12h,12h #4,primary,211.2,533.402,395.664,0.595713
12h,12h #4,primary,216,530.922,393.226,0.592042
12h,12h #4,primary,220.8,523.206,385.515,0.580433
12h,12h #4,primary,225.6,521.392,383.879,0.577969
12h,12h #4,primary,230.4,514.185,376.536,0.566914
12h,12h #4,primary,235.2,511.249,373.532,0.562391
12h,12h #4,primary,240,506.164,368.37,0.55462
12h,12h #4,primary,244.8,501.199,363.528,0.547329
12h,12h #4,primary,249.6,497.497,359.699,0.541564
12h,12h #4,primary,254.4,491.617,353.872,0.532792
12h,12h #4,primary,259.2,487.224,349.38,0.526028
12h,12h #4,primary,264,484.016,346.38,0.521511
12h,12h #4,primary,268.8,479.508,341.776,0.51458
12h,12h #4,primary,273.6,473.606,335.851,0.505659
12h,12h #4,primary,278.4,469.613,331.963,0.499804
12h,12h #4,primary,283.2,466.671,329.151,0.495571
12h,12h #4,primary,288,462.876,325.291,0.48976
12h,12h #4,primary,292.8,457.87,320.172,0.482052
12h,12h #4,primary,297.6,453.489,315.764,0.475416
12h,12h #4,primary,302.4,450.319,312.47,0.470456
12h,12h #4,primary,307.2,446.103,308.202,0.464029
12h,12h #4,primary,312,443.994,306.182,0.460989
12h,12h #4,primary,316.8,438.214,300.422,0.452316
12h,12h #4,primary,321.6,436.313,298.53,0.449467
12h,12h #4,primary,326.4,432.718,295.049,0.444228
12h,12h #4,primary,331.2,430.76,292.934,0.441043
12h,12h #4,primary,336,424.759,287.07,0.432214
12h,12h #4,primary,340.8,421.982,284.142,0.427806
12h,12h #4,primary,345.6,420.296,282.574,0.425445
12h,12h #4,primary,350.4,416.401,278.666,0.419561
12h,12h #4,primary,355.2,413.103,275.242,0.414406
12h,12h #4,primary,360,408.98,271.231,0.408366
12h,12h #4,primary,364.8,408.209,270.454,0.407197
12h,12h #4,primary,369.6,405.383,267.878,0.403319
12h,12h #4,primary,374.4,401.978,264.156,0.397715
12h,12h #4,primary,379.2,398.553,260.928,0.392854
12h,12h #4,primary,384,396.125,258.596,0.389343
12h,12h #4,primary,388.8,391.771,253.94,0.382333
12h,12h #4,primary,393.6,389.891,252.115,0.379586
12h,12h #4,primary,398.4,386.468,249.024,0.374931
12h,12h #4,primary,403.2,384.633,246.814,0.371604
12h,12h #4,primary,408,381.441,243.818,0.367094
12h,12h #4,primary,412.8,381.937,244.084,0.367494
12h,12h #4,primary,417.6,377.461,239.804,0.361051
12h,12h #4,primary,422.4,376.03,238.364,0.358881
12h,12h #4,primary,427.2,373.087,235.379,0.354387
12h,12h #4,primary,432,370.873,233.215,0.351129
12h,12h #4,primary,436.8,367.757,229.953,0.346218
12h,12h #4,primary,441.6,364.408,226.701,0.341322
12h,12h #4,primary,446.4,362.474,224.285,0.337684
12h,12h #4,primary,451.2,360.785,222.737,0.335354
12h,12h #4,primary,456,360.437,222.347,0.334766
12h,12h #4,primary,460.8,355.68,217.877,0.328037
12h,12h #4,primary,465.6,355.218,217.303,0.327173
12h,12h #4,primary,470.4,352.702,214.937,0.32361
12h,12h #4,primary,475.2,349.225,211.435,0.318337
12h,12h #5,primary,0,698.567,562.025,1.01181
12h,12h #5,primary,4.8,691.542,555.341,0.99978
12h,12h #5,primary,9.6,685.104,549.025,0.988408
12h,12h #5,primary,14.4,679.481,543.539,0.978532
12h,12h #5,primary,19.2,672.044,535.956,0.964881
12h,12h #5,primary,24,667.582,531.201,0.956321
12h,12h #5,primary,28.8,659.355,523.045,0.941638
12h,12h #5,primary,33.6,655.612,519.187,0.934691
12h,12h #5,primary,38.4,648.926,512.549,0.92274
12h,12h #5,primary,43.2,643.448,506.909,0.912588
12h,12h #5,primary,48,639.612,502.645,0.904912
12h,12h #5,primary,52.8,628.97,492.265,0.886224
12h,12h #5,primary,57.6,624.989,488.366,0.879205
12h,12h #5,primary,62.4,621.923,485.447,0.87395
12h,12h #5,primary,67.2,615.229,478.437,0.861329
12h,12h #5,primary,72,607.19,470.335,0.846743
12h,12h #5,primary,76.8,606.73,469.824,0.845824
12h,12h #5,primary,81.6,598.084,461.262,0.830409
12h,12h #5,primary,86.4,595.935,458.923,0.826199
12h,12h #5,primary,91.2,591.487,454.554,0.818333
12h,12h #5,primary,96,584.431,447.208,0.805109
12h,12h #5,primary,100.8,579.008,441.97,0.795677
12h,12h #5,primary,105.6,574.825,437.651,0.787903
12h,12h #5,primary,110.4,569.145,432.012,0.77775
12h,12h #5,primary,115.2,565.619,428.773,0.771919
12h,12h #5,primary,120,559.49,422.43,0.7605
12h,12h #5,primary,124.8,559.409,422.074,0.759859
12h,12h #5,primary,129.6,551.743,414.505,0.746233
12h,12h #5,primary,134.4,547.653,410.383,0.738811
12h,12h #5,primary,139.2,540.477,403.098,0.725696
12h,12h #5,primary,144,539.236,401.821,0.723399
12h,12h #5,primary,148.8,537.437,400.068,0.720242
12h,12h #5,primary,153.6,528.036,390.402,0.702841
12h,12h #5,primary,158.4,525.48,387.896,0.698328
12h,12h #5,primary,163.2,523.361,385.803,0.694561
12h,12h #5,primary,168,517.541,379.929,0.683986
12h,12h #5,primary,172.8,513.833,376.168,0.677215
12h,12h #5,primary,177.6,509.268,371.644,0.669071
12h,12h #5,primary,182.4,507.644,369.968,0.666054
12h,12h #5,primary,187.2,500.451,362.664,0.652904
12h,12h #5,primary,192,499.119,361.311,0.650467
12h,12h #5,primary,196.8,494.008,356.186,0.641241
12h,12h #5,primary,201.6,491.736,353.897,0.63712
12h,12h #5,primary,206.4,487.699,350.143,0.630363
12h,12h #5,primary,211.2,484.51,346.771,0.624291
12h,12h #5,primary,216,481.829,344.133,0.619543
12h,12h #5,primary,220.8,476.057,338.366,0.60916
12h,12h #5,primary,225.6,471.48,333.966,0.601238
12h,12h #5,primary,230.4,465.417,327.768,0.59008
12h,12h #5,primary,235.2,465.472,327.755,0.590057
12h,12h #5,primary,240,463.473,325.68,0.58632
12h,12h #5,primary,244.8,458.561,320.889,0.577697
12h,12h #5,primary,249.6,454.831,317.033,0.570754
12h,12h #5,primary,254.4,450.427,312.682,0.562921
12h,12h #5,primary,259.2,449.605,311.761,0.561262
12h,12h #5,primary,264,445.913,308.276,0.554989
12h,12h #5,primary,268.8,443.096,305.364,0.549747
12h,12h #5,primary,273.6,439.855,302.101,0.543871
12h,12h #5,primary,278.4,435.94,298.29,0.537011
12h,12h #5,primary,283.2,433.946,296.426,0.533655
12h,12h #5,primary,288,430.131,292.547,0.526671
12h,12h #5,primary,292.8,426.684,288.985,0.52026
12h,12h #5,primary,297.6,424.182,286.457,0.515709
12h,12h #5,primary,302.4,420.431,282.582,0.508732
12h,12h #5,primary,307.2,417.553,279.652,0.503456
12h,12h #5,primary,312,415.585,277.772,0.500073
12h,12h #5,primary,316.8,413.864,276.072,0.497012
12h,12h #5,primary,321.6,409.187,271.404,0.488608
12h,12h #5,primary,326.4,406.568,268.9,0.4841
12h,12h #5,primary,331.2,404.696,266.87,0.480446
12h,12h #5,primary,336,400.561,262.872,0.473249
12h,12h #5,primary,340.8,397.576,259.737,0.467604
12h,12h #5,primary,345.6,395.284,257.562,0.463688
12h,12h #5,primary,350.4,392.581,254.847,0.4588
12h,12h #5,primary,355.2,389.298,251.437,0.452662
12h,12h #5,primary,360,386.519,248.77,0.44786
12h,12h #5,primary,364.8,383.111,245.356,0.441715
12h,12h #5,primary,369.6,381.684,244.179,0.439596
12h,12h #5,primary,374.4,380.103,242.281,0.436178
12h,12h #5,primary,379.2,377.627,240.002,0.432076
12h,12h #5,primary,384,373.597,236.068,0.424992
12h,12h #5,primary,388.8,374.112,236.281,0.425376
12h,12h #5,primary,393.6,370.33,232.555,0.418668
12h,12h #5,primary,398.4,367.487,230.043,0.414146
12h,12h #5,primary,403.2,366.391,228.572,0.411497
12h,12h #5,primary,408,362.667,225.044,0.405147
12h,12h #5,primary,412.8,360.712,222.859,0.401213
12h,12h #5,primary,417.6,357.676,220.019,0.3961
12h,12h #5,primary,422.4,354.375,216.708,0.390139
12h,12h #5,primary,427.2,354.332,216.624,0.389988
12h,12h #5,primary,432,351.513,213.855,0.385002
12h,12h #5,primary,436.8,350.973,213.169,0.383768
12h,12h #5,primary,441.6,348.986,211.279,0.380365
12h,12h #5,primary,446.4,344.926,206.737,0.372188
12h,12h #5,primary,451.2,343.783,205.735,0.370384
12h,12h #5,primary,456,341.253,203.162,0.365753
12h,12h #5,primary,460.8,340.619,202.816,0.365129
12h,12h #5,primary,465.6,337.578,199.664,0.359455
12h,12h #5,primary,470.4,336.629,198.864,0.358015
12h,12h #5,primary,475.2,334.406,196.616,0.353967
12h,12h #6,primary,0,740.168,603.625,1.01089
12h,12h #6,primary,4.8,733.548,597.346,1.00037
12h,12h #6,primary,9.6,726.477,590.398,0.988737
12h,12h #6,primary,14.4,719.605,583.663,0.977458
12h,12h #6,primary,19.2,715.605,579.517,0.970516
12h,12h #6,primary,24,710.103,573.722,0.96081
12h,12h #6,primary,28.8,702.934,566.625,0.948924
12h,12h #6,primary,33.6,702.107,565.682,0.947345
12h,12h #6,primary,38.4,694.216,557.838,0.93421
12h,12h #6,primary,43.2,686.216,549.677,0.920542
12h,12h #6,primary,48,680.675,543.708,0.910546
12h,12h #6,primary,52.8,676.481,539.776,0.903961
12h,12h #6,primary,57.6,669.898,533.275,0.893074
12h,12h #6,primary,62.4,664.117,527.642,0.88364
12h,12h #6,primary,67.2,660.065,523.273,0.876323
12h,12h #6,primary,72,653.863,517.008,0.865831
12h,12h #6,primary,76.8,649.518,512.612,0.858469
12h,12h #6,primary,81.6,642.948,506.126,0.847608
12h,12h #6,primary,86.4,640.053,503.041,0.842442
12h,12h #6,primary,91.2,633.08,496.147,0.830896
12h,12h #6,primary,96,626.861,489.639,0.819997
12h,12h #6,primary,100.8,622.386,485.348,0.81281
12h,12h #6,primary,105.6,617.68,480.506,0.804703
12h,12h #6,primary,110.4,609.792,472.659,0.791561
12h,12h #6,primary,115.2,606.444,469.598,0.786434
12h,12h #6,primary,120,600.298,463.238,0.775783
12h,12h #6,primary,124.8,594.208,456.873,0.765124
12h,12h #6,primary,129.6,589.896,452.658,0.758064
12h,12h #6,primary,134.4,585.04,447.769,0.749878
12h,12h #6,primary,139.2,580.514,443.135,0.742117
12h,12h #6,primary,144,571.268,433.853,0.726572
12h,12h #6,primary,148.8,570.841,433.472,0.725934
12h,12h #6,primary,153.6,562.665,425.031,0.711799
12h,12h #6,primary,158.4,561.054,423.469,0.709182
12h,12h #6,primary,163.2,555.09,417.531,0.699238
12h,12h #6,primary,168,548.37,410.758,0.687895
12h,12h #6,primary,172.8,545.555,407.89,0.683091
12h,12h #6,primary,177.6,537.817,400.193,0.670202
12h,12h #6,primary,182.4,533.943,396.268,0.663628
12h,12h #6,primary,187.2,531.177,393.391,0.65881
12h,12h #6,primary,192,525.856,388.048,0.649863
12h,12h #6,primary,196.8,517.171,379.349,0.635295
12h,12h #6,primary,201.6,515.035,377.196,0.631688
12h,12h #6,primary,206.4,510.336,372.78,0.624294
12h,12h #6,primary,211.2,504.688,366.949,0.614529
12h,12h #6,primary,216,501.142,363.446,0.608661
12h,12h #6,primary,220.8,497.834,360.142,0.603129
12h,12h #6,primary,225.6,493.103,355.589,0.595504
12h,12h #6,primary,230.4,488.711,351.062,0.587922
12h,12h #6,primary,235.2,483.355,345.638,0.578839
12h,12h #6,primary,240,478.948,341.154,0.57133
12h,12h #6,primary,244.8,475.06,337.389,0.565024
12h,12h #6,primary,249.6,472.381,334.583,0.560325
12h,12h #6,primary,254.4,467.026,329.281,0.551446
12h,12h #6,primary,259.2,463.762,325.918,0.545814
12h,12h #6,primary,264,458.816,321.179,0.537878
12h,12h #6,primary,268.8,455.332,317.6,0.531884
12h,12h #6,primary,273.6,450.344,312.589,0.523492
12h,12h #6,primary,278.4,450.332,312.682,0.523647
12h,12h #6,primary,283.2,446.059,308.538,0.516708
12h,12h #6,primary,288,439.931,302.346,0.506338
12h,12h #6,primary,292.8,440.78,303.081,0.50757
12h,12h #6,primary,297.6,435.454,297.73,0.498608
12h,12h #6,primary,302.4,431.071,293.221,0.491057
12h,12h #6,primary,307.2,429.29,291.389,0.487988
12h,12h #6,primary,312,426.501,288.689,0.483466
12h,12h #6,primary,316.8,421.612,283.82,0.475312
12h,12h #6,primary,321.6,418.429,280.646,0.469996
12h,12h #6,primary,326.4,415.496,277.828,0.465277
12h,12h #6,primary,331.2,411.15,273.324,0.457735
12h,12h #6,primary,336,409.008,271.319,0.454377
12h,12h #6,primary,340.8,406.972,269.132,0.450715
12h,12h #6,primary,345.6,403.605,265.882,0.445272
12h,12h #6,primary,350.4,399.48,261.745,0.438344
12h,12h #6,primary,355.2,395.966,258.105,0.432248
12h,12h #6,primary,360,393.912,256.163,0.428995
12h,12h #6,primary,364.8,391.442,253.687,0.424849
12h,12h #6,primary,369.6,387.621,250.116,0.418868
12h,12h #6,primary,374.4,387.075,249.253,0.417422
12h,12h #6,primary,379.2,384.601,246.976,0.41361
12h,12h #6,primary,384,380.307,242.777,0.406578
12h,12h #6,primary,388.8,378.336,240.505,0.402774
12h,12h #6,primary,393.6,376.516,238.74,0.399818
12h,12h #6,primary,398.4,375.145,237.701,0.398077
12h,12h #6,primary,403.2,370.196,232.376,0.38916
12h,12h #6,primary,408,366.184,228.561,0.382771
12h,12h #6,primary,412.8,365.99,228.136,0.382059
12h,12h #6,primary,417.6,363.938,226.281,0.378953
12h,12h #6,primary,422.4,361.555,223.888,0.374945
12h,12h #6,primary,427.2,358.358,220.65,0.369521
12h,12h #6,primary,432,358.631,220.973,0.370063
12h,12h #6,primary,436.8,354.211,216.407,0.362417
12h,12h #6,primary,441.6,352.699,214.992,0.360047
12h,12h #6,primary,446.4,350.561,212.372,0.355659
12h,12h #6,primary,451.2,349.325,211.277,0.353825
12h,12h #6,primary,456,344.503,206.412,0.345677
12h,12h #6,primary,460.8,343.164,205.361,0.343918
12h,12h #6,primary,465.6,340.282,202.368,0.338904
12h,12h #6,primary,470.4,341.055,203.29,0.34045
12h,12h #6,primary,475.2,336.41,198.62,0.332628
24h,24h #1,primary,0,1261.92,1125.37,1.00718
24h,24h #1,primary,4.8,1254.17,1117.97,1.00056
24h,24h #1,primary,9.6,1244.77,1108.69,0.992255
24h,24h #1,primary,14.4,1242.55,1106.6,0.990386
24h,24h #1,primary,19.2,1237.66,1101.57,0.985879
24h,24h #1,primary,24,1232.22,1095.84,0.980755
24h,24h #1,primary,28.8,1218.8,1082.49,0.968806
24h,24h #1,primary,33.6,1214.34,1077.92,0.964713
24h,24h #1,primary,38.4,1206.73,1070.35,0.957941
24h,24h #1,primary,43.2,1201.64,1065.1,0.953243
24h,24h #1,primary,48,1197.32,1060.35,0.948992
24h,24h #1,primary,52.8,1186.5,1049.8,0.939545
24h,24h #1,primary,57.6,1184.3,1047.68,0.93765
24h,24h #1,primary,62.4,1177.9,1041.43,0.932054
24h,24h #1,primary,67.2,1172.72,1035.93,0.927136
24h,24h #1,primary,72,1165.25,1028.4,0.920395
24h,24h #1,primary,76.8,1161.04,1024.13,0.916576
24h,24h #1,primary,81.6,1155.81,1018.99,0.91197
24h,24h #1,primary,86.4,1145.1,1008.09,0.902216
24h,24h #1,primary,91.2,1138.96,1002.03,0.896794
24h,24h #1,primary,96,1140.08,1002.86,0.897533
24h,24h #1,primary,100.8,1131.53,994.491,0.890048
24h,24h #1,primary,105.6,1124.9,987.723,0.883991
24h,24h #1,primary,110.4,1118.75,981.617,0.878525
24h,24h #1,primary,115.2,1111.59,974.739,0.87237
24h,24h #1,primary,120,1106.34,969.28,0.867485
24h,24h #1,primary,124.8,1106.37,969.037,0.867266
24h,24h #1,primary,129.6,1098.37,961.128,0.860188
24h,24h #1,primary,134.4,1091.14,953.871,0.853693
24h,24h #1,primary,139.2,1083.97,946.588,0.847175
24h,24h #1,primary,144,1078.79,941.371,0.842506
24h,24h #1,primary,148.8,1072.56,935.188,0.836972
24h,24h #1,primary,153.6,1069.84,932.202,0.8343
24h,24h #1,primary,158.4,1062.97,925.389,0.828203
24h,24h #1,primary,163.2,1062.6,925.046,0.827895
24h,24h #1,primary,168,1050.13,912.521,0.816686
24h,24h #1,primary,172.8,1049.42,911.753,0.815999
24h,24h #1,primary,177.6,1038.89,901.27,0.806617
24h,24h #1,primary,182.4,1032.52,894.847,0.800869
24h,24h #1,primary,187.2,1031.37,893.588,0.799742
24h,24h #1,primary,192,1024.1,886.296,0.793216
24h,24h #1,primary,196.8,1023.27,885.448,0.792456
24h,24h #1,primary,201.6,1013.66,875.821,0.78384
24h,24h #1,primary,206.4,1009.54,871.985,0.780408
24h,24h #1,primary,211.2,1005.63,867.888,0.77674
24h,24h #1,primary,216,998.939,861.243,0.770794
24h,24h #1,primary,220.8,995.525,857.834,0.767742
24h,24h #1,primary,225.6,993.098,855.584,0.765729
24h,24h #1,primary,230.4,982.724,845.074,0.756323
24h,24h #1,primary,235.2,984.81,847.093,0.758129
24h,24h #1,primary,240,978.323,840.529,0.752255
24h,24h #1,primary,244.8,971.017,833.346,0.745826
24h,24h #1,primary,249.6,970.767,832.969,0.745489
24h,24h #1,primary,254.4,965.325,827.58,0.740666
24h,24h #1,primary,259.2,958.017,820.173,0.734036
24h,24h #1,primary,264,954.734,817.098,0.731284
24h,24h #1,primary,268.8,946.664,808.932,0.723976
24h,24h #1,primary,273.6,940.924,803.169,0.718819
24h,24h #1,primary,278.4,939.321,801.671,0.717478
24h,24h #1,primary,283.2,934.022,796.502,0.712852
24h,24h #1,primary,288,930.506,792.921,0.709647
24h,24h #1,primary,292.8,923.02,785.322,0.702845
24h,24h #1,primary,297.6,921.648,783.924,0.701594
24h,24h #1,primary,302.4,917.747,779.898,0.697992
24h,24h #1,primary,307.2,912.323,774.422,0.693091
24h,24h #1,primary,312,907.68,769.868,0.689015
24h,24h #1,primary,316.8,904.529,766.736,0.686212
24h,24h #1,primary,321.6,896.194,758.41,0.67876
24h,24h #1,primary,326.4,893.833,756.165,0.676751
24h,24h #1,primary,331.2,888.812,750.986,0.672116
24h,24h #1,primary,336,888.2,750.511,0.671691
24h,24h #1,primary,340.8,885.001,747.161,0.668693
24h,24h #1,primary,345.6,880.466,742.744,0.664739
24h,24h #1,primary,350.4,871.39,733.656,0.656606
24h,24h #1,primary,355.2,867.225,729.364,0.652765
24h,24h #1,primary,360,861.754,724.005,0.647968
24h,24h #1,primary,364.8,859.705,721.951,0.64613
24h,24h #1,primary,369.6,859.209,721.704,0.64591
24h,24h #1,primary,374.4,854.4,716.578,0.641322
24h,24h #1,primary,379.2,850.234,712.609,0.637769
24h,24h #1,primary,384,846.721,709.191,0.63471
24h,24h #1,primary,388.8,842.978,705.147,0.631091
24h,24h #1,primary,393.6,838.76,700.985,0.627366
24h,24h #1,primary,398.4,834.369,696.925,0.623733
24h,24h #1,primary,403.2,827.053,689.234,0.616849
24h,24h #1,primary,408,823.336,685.713,0.613698
24h,24h #1,primary,412.8,819.687,681.834,0.610226
24h,24h #1,primary,417.6,819.899,682.242,0.610592
24h,24h #1,primary,422.4,816.772,679.105,0.607784
24h,24h #1,primary,427.2,809.242,671.534,0.601008
24h,24h #1,primary,432,806.899,669.24,0.598955
24h,24h #1,primary,436.8,802.02,664.216,0.594459
24h,24h #1,primary,441.6,799.82,662.114,0.592577
24h,24h #1,primary,446.4,795.654,657.465,0.588417
24h,24h #1,primary,451.2,792.124,654.076,0.585384
24h,24h #1,primary,456,787.018,648.927,0.580775
24h,24h #1,primary,460.8,785.606,647.803,0.579769
24h,24h #1,primary,465.6,780.893,642.979,0.575452
24h,24h #1,primary,470.4,773.718,635.953,0.569164
24h,24h #1,primary,475.2,771.137,633.347,0.566832
24h,24h #2,primary,0,1422.94,1286.39,1.00456
24h,24h #2,primary,4.8,1418.68,1282.48,1.0015
24h,24h #2,primary,9.6,1408.88,1272.8,0.99394
24h,24h #2,primary,14.4,1402.38,1266.44,0.988976
24h,24h #2,primary,19.2,1397.83,1261.74,0.985307
24h,24h #2,primary,24,1386.79,1250.41,0.976458
24h,24h #2,primary,28.8,1385.37,1249.06,0.975406
24h,24h #2,primary,33.6,1383.24,1246.81,0.973649
24h,24h #2,primary,38.4,1378.02,1241.65,0.969615
24h,24h #2,primary,43.2,1370.85,1234.31,0.963883
24h,24h #2,primary,48,1361.2,1224.23,0.956015
24h,24h #2,primary,52.8,1353.72,1217.02,0.950381
24h,24h #2,primary,57.6,1345.38,1208.75,0.943928
24h,24h #2,primary,62.4,1346.39,1209.91,0.944834
24h,24h #2,primary,67.2,1342.08,1205.29,0.941222
24h,24h #2,primary,72,1336.37,1199.52,0.936715
24h,24h #2,primary,76.8,1331.89,1194.98,0.933176
24h,24h #2,primary,81.6,1321.97,1185.14,0.925492
24h,24h #2,primary,86.4,1315.27,1178.26,0.920113
24h,24h #2,primary,91.2,1309.56,1172.62,0.915715
24h,24h #2,primary,96,1305.26,1168.03,0.912131
24h,24h #2,primary,100.8,1297.47,1160.43,0.906191
24h,24h #2,primary,105.6,1294.04,1156.87,0.903409
24h,24h #2,primary,110.4,1286.29,1149.16,0.897391
24h,24h #2,primary,115.2,1279.48,1142.63,0.892295
24h,24h #2,primary,120,1276.73,1139.67,0.889979
24h,24h #2,primary,124.8,1271.1,1133.76,0.885368
24h,24h #2,primary,129.6,1264.57,1127.33,0.880342
24h,24h #2,primary,134.4,1259.24,1121.97,0.87616
24h,24h #2,primary,139.2,1256.16,1118.78,0.873669
24h,24h #2,primary,144,1244.4,1106.99,0.864457
24h,24h #2,primary,148.8,1244.76,1107.39,0.864776
24h,24h #2,primary,153.6,1237.14,1099.51,0.858617
24h,24h #2,primary,158.4,1233.69,1096.11,0.855961
24h,24h #2,primary,163.2,1230.31,1092.75,0.853343
24h,24h #2,primary,168,1219.31,1081.7,0.844712
24h,24h #2,primary,172.8,1215.41,1077.74,0.84162
24h,24h #2,primary,177.6,1212.32,1074.69,0.839239
24h,24h #2,primary,182.4,1205.9,1068.22,0.834185
24h,24h #2,primary,187.2,1197.89,1060.1,0.827846
24h,24h #2,primary,192,1196.16,1058.35,0.826478
24h,24h #2,primary,196.8,1190.22,1052.4,0.821833
24h,24h #2,primary,201.6,1182.27,1044.43,0.815608
24h,24h #2,primary,206.4,1183.8,1046.24,0.817024
24h,24h #2,primary,211.2,1177.11,1039.37,0.811655
24h,24h #2,primary,216,1168.48,1030.79,0.804954
24h,24h #2,primary,220.8,1168.63,1030.94,0.805075
24h,24h #2,primary,225.6,1159.18,1021.66,0.797826
24h,24h #2,primary,230.4,1155.82,1018.17,0.795099
24h,24h #2,primary,235.2,1149.22,1011.51,0.789897
24h,24h #2,primary,240,1146.03,1008.23,0.787341
24h,24h #2,primary,244.8,1138.97,1001.3,0.781925
24h,24h #2,primary,249.6,1133.46,995.666,0.777526
24h,24h #2,primary,254.4,1130.73,992.99,0.775437
24h,24h #2,primary,259.2,1124,986.157,0.770101
24h,24h #2,primary,264,1121.65,984.018,0.76843
24h,24h #2,primary,268.8,1113.25,975.518,0.761793
24h,24h #2,primary,273.6,1109.11,971.356,0.758543
24h,24h #2,primary,278.4,1113.68,976.027,0.76219
24h,24h #2,primary,283.2,1100.8,963.278,0.752234
24h,24h #2,primary,288,1098.56,960.978,0.750438
24h,24h #2,primary,292.8,1090.64,952.942,0.744162
24h,24h #2,primary,297.6,1083.66,945.933,0.738689
24h,24h #2,primary,302.4,1087.59,949.738,0.741661
24h,24h #2,primary,307.2,1077.28,939.379,0.733571
24h,24h #2,primary,312,1077.29,939.481,0.733651
24h,24h #2,primary,316.8,1067.76,929.968,0.726222
24h,24h #2,primary,321.6,1065.6,927.817,0.724542
24h,24h #2,primary,326.4,1057.02,919.353,0.717933
24h,24h #2,primary,331.2,1053.18,915.353,0.714809
24h,24h #2,primary,336,1052.79,915.099,0.71461
24h,24h #2,primary,340.8,1046.69,908.854,0.709734
24h,24h #2,primary,345.6,1043.67,905.945,0.707462
24h,24h #2,primary,350.4,1039.8,902.066,0.704433
24h,24h #2,primary,355.2,1033.13,895.268,0.699124
24h,24h #2,primary,360,1030.29,892.536,0.696991
24h,24h #2,primary,364.8,1025.55,887.791,0.693286
24h,24h #2,primary,369.6,1023.18,885.673,0.691631
24h,24h #2,primary,374.4,1017.91,880.084,0.687267
24h,24h #2,primary,379.2,1011.82,874.197,0.68267
24h,24h #2,primary,384,1007.7,870.17,0.679525
24h,24h #2,primary,388.8,1006.44,868.614,0.67831
24h,24h #2,primary,393.6,998.045,860.27,0.671794
24h,24h #2,primary,398.4,996.332,858.888,0.670715
24h,24h #2,primary,403.2,994.126,856.306,0.668699
24h,24h #2,primary,408,990,852.377,0.66563
24h,24h #2,primary,412.8,983.454,845.601,0.660339
24h,24h #2,primary,417.6,974.753,837.096,0.653697
24h,24h #2,primary,422.4,975.944,838.277,0.65462
24h,24h #2,primary,427.2,967.506,829.798,0.647998
24h,24h #2,primary,432,964.247,826.589,0.645492
24h,24h #2,primary,436.8,961.115,823.312,0.642933
24h,24h #2,primary,441.6,959.513,821.806,0.641758
24h,24h #2,primary,446.4,959.943,821.753,0.641716
24h,24h #2,primary,451.2,951.948,813.9,0.635583
24h,24h #2,primary,456,948.665,810.574,0.632986
24h,24h #2,primary,460.8,945.298,807.495,0.630582
24h,24h #2,primary,465.6,939.009,801.095,0.625584
24h,24h #2,primary,470.4,935.896,798.131,0.623269
24h,24h #2,primary,475.2,929.315,791.525,0.618111
24h,24h #3,primary,0,1410.59,1274.05,1.0031
24h,24h #3,primary,4.8,1406.51,1270.3,1.00015
24h,24h #3,primary,9.6,1402.06,1265.98,0.996748
24h,24h #3,primary,14.4,1394.25,1258.31,0.990711
24h,24h #3,primary,19.2,1392.88,1256.79,0.989512
24h,24h #3,primary,24,1385.6,1249.22,0.983551
24h,24h #3,primary,28.8,1376.7,1240.39,0.976596
24h,24h #3,primary,33.6,1366.16,1229.73,0.96821
24h,24h #3,primary,38.4,1363.01,1226.63,0.965767
24h,24h #3,primary,43.2,1357.53,1220.99,0.961329
24h,24h #3,primary,48,1352.64,1215.67,0.957139
24h,24h #3,primary,52.8,1343.86,1207.15,0.950431
24h,24h #3,primary,57.6,1340.07,1203.45,0.947516
24h,24h #3,primary,62.4,1333.47,1197,0.942434
24h,24h #3,primary,67.2,1326.87,1190.08,0.936986
24h,24h #3,primary,72,1324.76,1187.9,0.935274
24h,24h #3,primary,76.8,1312.73,1175.82,0.925763
24h,24h #3,primary,81.6,1310.85,1174.03,0.92435
24h,24h #3,primary,86.4,1305.63,1168.61,0.920089
24h,24h #3,primary,91.2,1297.25,1160.32,0.913559
24h,24h #3,primary,96,1293.45,1156.23,0.910339
24h,24h #3,primary,100.8,1283.51,1146.48,0.902658
24h,24h #3,primary,105.6,1285.73,1148.56,0.904295
24h,24h #3,primary,110.4,1277.49,1140.35,0.897837
24h,24h #3,primary,115.2,1272.23,1135.38,0.893922
24h,24h #3,primary,120,1262.53,1125.47,0.886116
24h,24h #3,primary,124.8,1257.45,1120.11,0.881902
24h,24h #3,primary,129.6,1255.06,1117.82,0.880096
24h,24h #3,primary,134.4,1245.72,1108.45,0.872722
24h,24h #3,primary,139.2,1244.71,1107.33,0.871837
24h,24h #3,primary,144,1238.78,1101.37,0.867142
24h,24h #3,primary,148.8,1226.3,1088.93,0.857349
24h,24h #3,primary,153.6,1223.58,1085.95,0.855005
24h,24h #3,primary,158.4,1217.58,1079.99,0.850312
24h,24h #3,primary,163.2,1214.35,1076.79,0.847791
24h,24h #3,primary,168,1211.49,1073.88,0.845502
24h,24h #3,primary,172.8,1200.74,1063.08,0.836996
24h,24h #3,primary,177.6,1196.42,1058.79,0.833622
24h,24h #3,primary,182.4,1190.96,1053.28,0.829284
24h,24h #3,primary,187.2,1182.67,1044.88,0.822672
24h,24h #3,primary,192,1182.27,1044.46,0.822336
24h,24h #3,primary,196.8,1179.02,1041.19,0.819766
24h,24h #3,primary,201.6,1171.35,1033.51,0.81372
24h,24h #3,primary,206.4,1166.86,1029.31,0.810406
24h,24h #3,primary,211.2,1161.85,1024.11,0.806317
24h,24h #3,primary,216,1156.31,1018.61,0.801986
24h,24h #3,primary,220.8,1148.74,1011.05,0.796035
24h,24h #3,primary,225.6,1143.65,1006.14,0.792166
24h,24h #3,primary,230.4,1142.13,1004.48,0.790864
24h,24h #3,primary,235.2,1132.93,995.211,0.783562
24h,24h #3,primary,240,1127.05,989.257,0.778874
24h,24h #3,primary,244.8,1127.8,990.128,0.77956
24h,24h #3,primary,249.6,1118.27,980.473,0.771959
24h,24h #3,primary,254.4,1116.59,978.85,0.77068
24h,24h #3,primary,259.2,1111.19,973.342,0.766344
24h,24h #3,primary,264,1102.65,965.011,0.759785
24h,24h #3,primary,268.8,1101.84,964.11,0.759076
24h,24h #3,primary,273.6,1096.91,959.151,0.755171
24h,24h #3,primary,278.4,1089.3,951.645,0.749262
24h,24h #3,primary,283.2,1085.55,948.031,0.746416
24h,24h #3,primary,288,1081.7,944.112,0.743331
24h,24h #3,primary,292.8,1073.98,936.278,0.737162
24h,24h #3,primary,297.6,1069.89,932.162,0.733922
24h,24h #3,primary,302.4,1063.87,926.02,0.729086
24h,24h #3,primary,307.2,1060.95,923.05,0.726747
24h,24h #3,primary,312,1055.08,917.27,0.722197
24h,24h #3,primary,316.8,1049.76,911.971,0.718024
24h,24h #3,primary,321.6,1047.36,909.573,0.716137
24h,24h #3,primary,326.4,1042.24,904.572,0.712199
24h,24h #3,primary,331.2,1039.28,901.456,0.709746
24h,24h #3,primary,336,1034.79,897.096,0.706313
24h,24h #3,primary,340.8,1028.21,890.369,0.701017
24h,24h #3,primary,345.6,1023.16,885.434,0.697131
24h,24h #3,primary,350.4,1017.49,879.759,0.692663
24h,24h #3,primary,355.2,1020.45,882.588,0.69489
24h,24h #3,primary,360,1013.31,875.556,0.689354
24h,24h #3,primary,364.8,1007.71,869.96,0.684948
24h,24h #3,primary,369.6,1002.68,865.179,0.681184
24h,24h #3,primary,374.4,1002.27,864.444,0.680605
24h,24h #3,primary,379.2,995.237,857.612,0.675226
24h,24h #3,primary,384,992.804,855.274,0.673385
24h,24h #3,primary,388.8,987.838,850.007,0.669238
24h,24h #3,primary,393.6,983.362,845.586,0.665758
24h,24h #3,primary,398.4,978.667,841.223,0.662323
24h,24h #3,primary,403.2,977.262,839.443,0.660921
24h,24h #3,primary,408,968.166,830.544,0.653914
24h,24h #3,primary,412.8,965.587,827.734,0.651702
24h,24h #3,primary,417.6,962.333,824.676,0.649295
24h,24h #3,primary,422.4,956.178,818.511,0.64444
24h,24h #3,primary,427.2,954.15,816.442,0.642811
24h,24h #3,primary,432,953.044,815.386,0.64198
24h,24h #3,primary,436.8,945.296,807.492,0.635765
24h,24h #3,primary,441.6,944.021,806.314,0.634837
24h,24h #3,primary,446.4,940.367,802.178,0.631581
24h,24h #3,primary,451.2,936.217,798.169,0.628425
24h,24h #3,primary,456,933.533,795.442,0.626278
24h,24h #3,primary,460.8,923.815,786.012,0.618853
24h,24h #3,primary,465.6,926.876,788.962,0.621175
24h,24h #3,primary,470.4,925.385,787.621,0.620119
24h,24h #3,primary,475.2,915.926,778.136,0.612652
24h,24h #3,primary,480,917.567,779.777,0.613944
24h,24h #4,primary,0,1317.69,1181.15,1.00748
24h,24h #4,primary,4.8,1306.77,1170.57,0.998459
24h,24h #4,primary,9.6,1301.49,1165.42,0.994061
24h,24h #4,primary,14.4,1292.73,1156.79,0.986703
24h,24h #4,primary,19.2,1290.49,1154.4,0.984665
24h,24h #4,primary,24,1284.59,1148.21,0.979385
24h,24h #4,primary,28.8,1276.85,1140.54,0.972847
24h,24h #4,primary,33.6,1274.29,1137.87,0.970564
24h,24h #4,primary,38.4,1267.55,1131.18,0.964856
24h,24h #4,primary,43.2,1263.26,1126.72,0.961053
24h,24h #4,primary,48,1254.85,1117.89,0.95352
24h,24h #4,primary,52.8,1252.58,1115.87,0.951804
24h,24h #4,primary,57.6,1248.39,1111.76,0.948298
24h,24h #4,primary,62.4,1239.15,1102.68,0.940548
24h,24h #4,primary,67.2,1234.51,1097.72,0.936319
24h,24h #4,primary,72,1231.31,1094.45,0.93353
24h,24h #4,primary,76.8,1227.1,1090.2,0.929901
24h,24h #4,primary,81.6,1216.25,1079.43,0.920718
24h,24h #4,primary,86.4,1215.76,1078.74,0.920133
24h,24h #4,primary,91.2,1205.71,1068.77,0.911628
24h,24h #4,primary,96,1206.21,1068.99,0.91181
24h,24h #4,primary,100.8,1195.99,1058.95,0.903252
24h,24h #4,primary,105.6,1192.12,1054.94,0.89983
24h,24h #4,primary,110.4,1188.42,1051.29,0.896713
24h,24h #4,primary,115.2,1184.21,1047.36,0.893367
24h,24h #4,primary,120,1179.38,1042.32,0.889061
24h,24h #4,primary,124.8,1169.7,1032.37,0.880576
24h,24h #4,primary,129.6,1170.86,1033.62,0.881644
24h,24h #4,primary,134.4,1164.8,1027.53,0.876451
24h,24h #4,primary,139.2,1155.66,1018.28,0.868562
24h,24h #4,primary,144,1153.41,1016,0.866614
24h,24h #4,primary,148.8,1150.69,1013.32,0.864331
24h,24h #4,primary,153.6,1142.38,1004.75,0.857019
24h,24h #4,primary,158.4,1139.35,1001.77,0.854475
24h,24h #4,primary,163.2,1135.18,997.625,0.850941
24h,24h #4,primary,168,1130.51,992.899,0.84691
24h,24h #4,primary,172.8,1121.42,983.753,0.839109
24h,24h #4,primary,177.6,1117.88,980.256,0.836126
24h,24h #4,primary,182.4,1115.84,978.169,0.834345
24h,24h #4,primary,187.2,1110.46,972.675,0.82966
24h,24h #4,primary,192,1109.4,971.593,0.828736
24h,24h #4,primary,196.8,1105.25,967.433,0.825188
24h,24h #4,primary,201.6,1099.96,962.121,0.820658
24h,24h #4,primary,206.4,1097.71,960.156,0.818981
24h,24h #4,primary,211.2,1090.95,953.213,0.81306
24h,24h #4,primary,216,1087.71,950.012,0.810329
24h,24h #4,primary,220.8,1080.65,942.961,0.804315
24h,24h #4,primary,225.6,1079.3,941.786,0.803312
24h,24h #4,primary,230.4,1072.65,934.996,0.797521
24h,24h #4,primary,235.2,1069.89,932.174,0.795114
24h,24h #4,primary,240,1063.29,925.494,0.789416
24h,24h #4,primary,244.8,1057.59,919.923,0.784664
24h,24h #4,primary,249.6,1057.61,919.816,0.784573
24h,24h #4,primary,254.4,1050.26,912.518,0.778348
24h,24h #4,primary,259.2,1046.74,908.894,0.775257
24h,24h #4,primary,264,1042.9,905.26,0.772157
24h,24h #4,primary,268.8,1037.78,900.046,0.767709
24h,24h #4,primary,273.6,1030.93,893.176,0.76185
24h,24h #4,primary,278.4,1029.19,891.535,0.76045
24h,24h #4,primary,283.2,1022.34,884.815,0.754718
24h,24h #4,primary,288,1023.5,885.913,0.755654
24h,24h #4,primary,292.8,1015.65,877.949,0.748862
24h,24h #4,primary,297.6,1014.56,876.834,0.747911
24h,24h #4,primary,302.4,1008.6,870.754,0.742724
24h,24h #4,primary,307.2,1003.47,865.573,0.738305
24h,24h #4,primary,312,1005.8,867.989,0.740366
24h,24h #4,primary,316.8,997.254,859.462,0.733093
24h,24h #4,primary,321.6,989.797,852.014,0.72674
24h,24h #4,primary,326.4,991.586,853.917,0.728363
24h,24h #4,primary,331.2,983.252,845.427,0.721121
24h,24h #4,primary,336,982.13,844.441,0.720281
24h,24h #4,primary,340.8,977.272,839.432,0.716008
24h,24h #4,primary,345.6,970.187,832.465,0.710065
24h,24h #4,primary,350.4,966.088,828.354,0.706559
24h,24h #4,primary,355.2,962.192,824.332,0.703128
24h,24h #4,primary,360,964.411,826.662,0.705115
24h,24h #4,primary,364.8,957.432,819.678,0.699158
24h,24h #4,primary,369.6,955.977,818.472,0.69813
24h,24h #4,primary,374.4,951.155,813.333,0.693746
24h,24h #4,primary,379.2,946.051,808.426,0.689561
24h,24h #4,primary,384,943.051,805.522,0.687083
24h,24h #4,primary,388.8,939.026,801.195,0.683393
24h,24h #4,primary,393.6,930.774,792.998,0.676401
24h,24h #4,primary,398.4,932.274,794.829,0.677963
24h,24h #4,primary,403.2,926.249,788.429,0.672504
24h,24h #4,primary,408,921.999,784.376,0.669047
24h,24h #4,primary,412.8,919.696,781.843,0.666886
24h,24h #4,primary,417.6,915.878,778.221,0.663797
24h,24h #4,primary,422.4,916.198,778.531,0.664062
24h,24h #4,primary,427.2,912.106,774.397,0.660535
24h,24h #4,primary,432,908.261,770.603,0.657299
24h,24h #4,primary,436.8,902.217,764.414,0.65202
24h,24h #4,primary,441.6,898.74,761.033,0.649136
24h,24h #4,primary,446.4,891.178,752.989,0.642275
24h,24h #4,primary,451.2,889.383,751.334,0.640863
24h,24h #4,primary,456,889.646,751.555,0.641052
24h,24h #4,primary,460.8,882.346,744.543,0.63507
24h,24h #4,primary,465.6,882.527,744.613,0.63513
24h,24h #4,primary,470.4,879.765,742,0.632901
24h,24h #4,primary,475.2,874.92,737.13,0.628747
24h,24h #4,primary,480,868.466,730.676,0.623243
24h,24h #5,primary,0,1291.98,1155.44,1.00668
24h,24h #5,primary,4.8,1282.95,1146.75,0.999108
24h,24h #5,primary,9.6,1277.21,1141.13,0.994211
24h,24h #5,primary,14.4,1271.49,1135.55,0.98935
24h,24h #5,primary,19.2,1263.23,1127.15,0.982028
24h,24h #5,primary,24,1258.81,1122.43,0.977918
24h,24h #5,primary,28.8,1262.12,1125.81,0.980862
24h,24h #5,primary,33.6,1255.24,1118.81,0.974766
24h,24h #5,primary,38.4,1246.61,1110.23,0.967292
24h,24h #5,primary,43.2,1238.2,1101.66,0.959826
24h,24h #5,primary,48,1235.7,1098.74,0.957277
24h,24h #5,primary,52.8,1230.74,1094.03,0.953179
24h,24h #5,primary,57.6,1225.36,1088.74,0.948568
24h,24h #5,primary,62.4,1212.91,1076.44,0.937846
24h,24h #5,primary,67.2,1210.28,1073.49,0.935282
24h,24h #5,primary,72,1208.1,1071.24,0.933324
24h,24h #5,primary,76.8,1205.41,1068.51,0.930938
24h,24h #5,primary,81.6,1200.71,1063.89,0.926918
24h,24h #5,primary,86.4,1195.6,1058.59,0.922296
24h,24h #5,primary,91.2,1194.49,1057.56,0.921403
24h,24h #5,primary,96,1184.99,1047.77,0.912869
24h,24h #5,primary,100.8,1181.33,1044.29,0.909841
24h,24h #5,primary,105.6,1174.79,1037.61,0.904023
24h,24h #5,primary,110.4,1168.05,1030.92,0.898191
24h,24h #5,primary,115.2,1164.87,1028.03,0.89567
24h,24h #5,primary,120,1163.85,1026.79,0.894593
24h,24h #5,primary,124.8,1156.2,1018.86,0.887686
24h,24h #5,primary,129.6,1153.09,1015.85,0.885064
24h,24h #5,primary,134.4,1145.91,1008.64,0.878777
24h,24h #5,primary,139.2,1142.89,1005.51,0.876055
24h,24h #5,primary,144,1134.39,996.973,0.868614
24h,24h #5,primary,148.8,1132.15,994.784,0.866707
24h,24h #5,primary,153.6,1124.92,987.285,0.860174
24h,24h #5,primary,158.4,1121.71,984.127,0.857422
24h,24h #5,primary,163.2,1116.4,978.837,0.852814
24h,24h #5,primary,168,1115.74,978.126,0.852194
24h,24h #5,primary,172.8,1109.28,971.617,0.846523
24h,24h #5,primary,177.6,1107.07,969.445,0.844631
24h,24h #5,primary,182.4,1098.68,961.001,0.837274
24h,24h #5,primary,187.2,1094.29,956.502,0.833354
24h,24h #5,primary,192,1088.91,951.103,0.82865
24h,24h #5,primary,196.8,1089.61,951.785,0.829244
24h,24h #5,primary,201.6,1085.8,947.956,0.825908
24h,24h #5,primary,206.4,1078.34,940.782,0.819658
24h,24h #5,primary,211.2,1069.57,931.828,0.811857
24h,24h #5,primary,216,1070.19,932.494,0.812437
24h,24h #5,primary,220.8,1064.22,926.529,0.80724
24h,24h #5,primary,225.6,1056.64,919.124,0.800789
24h,24h #5,primary,230.4,1053.68,916.032,0.798095
24h,24h #5,primary,235.2,1048.34,910.626,0.793384
24h,24h #5,primary,240,1045.78,907.989,0.791087
24h,24h #5,primary,244.8,1044.7,907.029,0.790251
24h,24h #5,primary,249.6,1036.88,899.078,0.783323
24h,24h #5,primary,254.4,1035.92,898.177,0.782539
24h,24h #5,primary,259.2,1031.33,893.488,0.778453
24h,24h #5,primary,264,1025.76,888.119,0.773776
24h,24h #5,primary,268.8,1022.49,884.76,0.770848
24h,24h #5,primary,273.6,1019.17,881.412,0.767931
24h,24h #5,primary,278.4,1014.5,876.852,0.763959
24h,24h #5,primary,283.2,1005.74,868.223,0.756441
24h,24h #5,primary,288,1002.73,865.144,0.753758
24h,24h #5,primary,292.8,1001.91,864.211,0.752945
24h,24h #5,primary,297.6,995.4,857.676,0.747252
24h,24h #5,primary,302.4,992.345,854.496,0.744481
24h,24h #5,primary,307.2,988.469,850.568,0.741059
24h,24h #5,primary,312,988.078,850.266,0.740795
24h,24h #5,primary,316.8,982.478,844.685,0.735934
24h,24h #5,primary,321.6,978.448,840.665,0.73243
24h,24h #5,primary,326.4,978.735,841.067,0.732781
24h,24h #5,primary,331.2,973.011,835.185,0.727657
24h,24h #5,primary,336,967.115,829.426,0.722639
24h,24h #5,primary,340.8,962.718,824.878,0.718677
24h,24h #5,primary,345.6,959.05,821.328,0.715583
24h,24h #5,primary,350.4,960.149,822.415,0.71653
24h,24h #5,primary,355.2,953.258,815.397,0.710416
24h,24h #5,primary,360,944.284,806.535,0.702695
24h,24h #5,primary,364.8,943.797,806.043,0.702266
24h,24h #5,primary,369.6,938.295,800.791,0.69769
24h,24h #5,primary,374.4,937.232,799.41,0.696487
24h,24h #5,primary,379.2,936.939,799.314,0.696403
24h,24h #5,primary,384,934.081,796.552,0.693997
24h,24h #5,primary,388.8,930.058,792.227,0.690229
24h,24h #5,primary,393.6,923.167,785.391,0.684273
24h,24h #5,primary,398.4,920.38,782.936,0.682134
24h,24h #5,primary,403.2,913.548,775.728,0.675855
24h,24h #5,primary,408,915.313,777.69,0.677564
24h,24h #5,primary,412.8,911.207,773.354,0.673786
24h,24h #5,primary,417.6,909.147,771.49,0.672162
24h,24h #5,primary,422.4,903.901,766.234,0.667583
24h,24h #5,primary,427.2,899.653,761.945,0.663846
24h,24h #5,primary,432,893.398,755.74,0.65844
24h,24h #5,primary,436.8,892.662,754.859,0.657672
24h,24h #5,primary,441.6,886.373,748.666,0.652276
24h,24h #5,primary,446.4,883.97,745.781,0.649763
24h,24h #5,primary,451.2,879.137,741.089,0.645675
24h,24h #5,primary,456,878.253,740.162,0.644868
24h,24h #5,primary,460.8,876.177,738.374,0.64331
24h,24h #5,primary,465.6,874.572,736.657,0.641814
24h,24h #5,primary,470.4,864.767,727.002,0.633402
24h,24h #5,primary,475.2,862.537,724.747,0.631437
24h,24h #6,primary,0,1448.45,1311.91,1.00889
24h,24h #6,primary,4.8,1431.47,1295.26,0.996085
24h,24h #6,primary,9.6,1429.97,1293.89,0.995029
24h,24h #6,primary,14.4,1425.42,1289.48,0.991635
24h,24h #6,primary,19.2,1415.8,1279.71,0.984124
24h,24h #6,primary,24,1410.81,1274.43,0.980064
24h,24h #6,primary,28.8,1400.51,1264.2,0.972194
24h,24h #6,primary,33.6,1396.32,1259.89,0.968883
24h,24h #6,primary,38.4,1395.75,1259.37,0.968484
24h,24h #6,primary,43.2,1386.42,1249.88,0.961186
24h,24h #6,primary,48,1379.47,1242.5,0.955511
24h,24h #6,primary,52.8,1378.85,1242.15,0.955235
24h,24h #6,primary,57.6,1362.16,1225.54,0.942465
24h,24h #6,primary,62.4,1365.6,1229.13,0.945222
24h,24h #6,primary,67.2,1352.85,1216.06,0.935176
24h,24h #6,primary,72,1355.83,1218.97,0.937416
24h,24h #6,primary,76.8,1348.96,1212.05,0.932092
24h,24h #6,primary,81.6,1345.43,1208.61,0.929443
24h,24h #6,primary,86.4,1334.62,1197.6,0.920981
24h,24h #6,primary,91.2,1328.29,1191.36,0.916179
24h,24h #6,primary,96,1326.19,1188.96,0.914337
24h,24h #6,primary,100.8,1321.63,1184.59,0.910972
24h,24h #6,primary,105.6,1312.01,1174.84,0.903472
24h,24h #6,primary,110.4,1305,1167.87,0.898112
24h,24h #6,primary,115.2,1302.79,1165.95,0.896638
24h,24h #6,primary,120,1301,1163.94,0.895096
24h,24h #6,primary,124.8,1290.76,1153.43,0.88701
24h,24h #6,primary,129.6,1284.66,1147.43,0.882393
24h,24h #6,primary,134.4,1276.12,1138.85,0.875799
24h,24h #6,primary,139.2,1274.67,1137.29,0.874597
24h,24h #6,primary,144,1277.16,1139.74,0.876484
24h,24h #6,primary,148.8,1263.03,1125.66,0.865659
24h,24h #6,primary,153.6,1258.97,1121.34,0.862333
24h,24h #6,primary,158.4,1254.73,1117.15,0.85911
24h,24h #6,primary,163.2,1246.5,1108.94,0.852795
24h,24h #6,primary,168,1241.25,1103.64,0.848722
24h,24h #6,primary,172.8,1239.79,1102.13,0.847558
24h,24h #6,primary,177.6,1234.79,1097.16,0.843741
24h,24h #6,primary,182.4,1230.76,1093.08,0.840601
24h,24h #6,primary,187.2,1225.36,1087.57,0.836363
24h,24h #6,primary,192,1216.39,1078.59,0.829454
24h,24h #6,primary,196.8,1213.19,1075.37,0.82698
24h,24h #6,primary,201.6,1207.94,1070.11,0.822933
24h,24h #6,primary,206.4,1206.24,1068.69,0.821843
24h,24h #6,primary,211.2,1204.9,1067.16,0.820666
24h,24h #6,primary,216,1198.87,1061.17,0.816062
24h,24h #6,primary,220.8,1191.02,1053.33,0.810034
24h,24h #6,primary,225.6,1184.99,1047.48,0.805531
24h,24h #6,primary,230.4,1179.32,1041.67,0.801063
24h,24h #6,primary,235.2,1173.48,1035.76,0.796522
24h,24h #6,primary,240,1168.99,1031.2,0.793011
24h,24h #6,primary,244.8,1166.2,1028.53,0.790957
24h,24h #6,primary,249.6,1160.13,1022.33,0.786191
24h,24h #6,primary,254.4,1162.47,1024.73,0.788036
24h,24h #6,primary,259.2,1153.77,1015.93,0.781267
24h,24h #6,primary,264,1146.21,1008.58,0.775616
24h,24h #6,primary,268.8,1141.05,1003.31,0.771569
24h,24h #6,primary,273.6,1140.88,1003.13,0.771427
24h,24h #6,primary,278.4,1137.65,999.998,0.769019
24h,24h #6,primary,283.2,1132.66,995.143,0.765285
24h,24h #6,primary,288,1123.16,985.578,0.757929
24h,24h #6,primary,292.8,1121.3,983.6,0.756408
24h,24h #6,primary,297.6,1117.26,979.531,0.753279
24h,24h #6,primary,302.4,1114.75,976.905,0.75126
24h,24h #6,primary,307.2,1109.97,972.073,0.747544
24h,24h #6,primary,312,1105.03,967.218,0.74381
24h,24h #6,primary,316.8,1097.15,959.357,0.737765
24h,24h #6,primary,321.6,1088.21,950.428,0.730898
24h,24h #6,primary,326.4,1091.16,953.49,0.733253
24h,24h #6,primary,331.2,1086.83,949,0.7298
24h,24h #6,primary,336,1081.77,944.083,0.726019
24h,24h #6,primary,340.8,1079.32,941.484,0.72402
24h,24h #6,primary,345.6,1075.11,937.385,0.720868
24h,24h #6,primary,350.4,1072,934.263,0.718467
24h,24h #6,primary,355.2,1066.74,928.881,0.714328
24h,24h #6,primary,360,1059.59,921.841,0.708914
24h,24h #6,primary,364.8,1053.88,916.123,0.704517
24h,24h #6,primary,369.6,1054.34,916.831,0.705062
24h,24h #6,primary,374.4,1048.15,910.33,0.700063
24h,24h #6,primary,379.2,1043.81,906.184,0.696874
24h,24h #6,primary,384,1040.53,903.001,0.694426
24h,24h #6,primary,388.8,1036.36,898.532,0.69099
24h,24h #6,primary,393.6,1030.79,893.014,0.686746
24h,24h #6,primary,398.4,1029.89,892.443,0.686307
24h,24h #6,primary,403.2,1022.15,884.326,0.680065
24h,24h #6,primary,408,1018.12,880.5,0.677123
24h,24h #6,primary,412.8,1016.79,878.933,0.675917
24h,24h #6,primary,417.6,1009.78,872.119,0.670677
24h,24h #6,primary,422.4,1005.34,867.669,0.667255
24h,24h #6,primary,427.2,1002.26,864.553,0.664858
24h,24h #6,primary,432,996.057,858.399,0.660126
24h,24h #6,primary,436.8,991.207,853.404,0.656285
24h,24h #6,primary,441.6,989.306,851.599,0.654897
24h,24h #6,primary,446.4,987.707,849.518,0.653297
24h,24h #6,primary,451.2,980.422,842.374,0.647802
24h,24h #6,primary,456,978.464,840.373,0.646264
24h,24h #6,primary,460.8,978.909,841.106,0.646827
24h,24h #6,primary,465.6,972.186,834.272,0.641572
24h,24h #6,primary,470.4,968.033,830.269,0.638493
24h,24h #6,primary,475.2,961.595,823.805,0.633523
72h,72h #1,primary,0,2430.05,2293.51,0.999046
72h,72h #1,primary,4.8,2435.81,2299.6,1.0017
72h,72h #1,primary,9.6,2430.06,2293.98,0.999252
72h,72h #1,primary,14.4,2429.37,2293.42,0.999009
72h,72h #1,primary,19.2,2423.57,2287.48,0.996421
72h,72h #1,primary,24,2418.96,2282.58,0.994287
72h,72h #1,primary,28.8,2415.32,2279.01,0.992731
72h,72h #1,primary,33.6,2412.26,2275.83,0.991346
72h,72h #1,primary,38.4,2413,2276.63,0.991692
72h,72h #1,primary,43.2,2403.87,2267.33,0.987643
72h,72h #1,primary,48,2403.39,2266.42,0.987246
72h,72h #1,primary,52.8,2401.71,2265.01,0.986632
72h,72h #1,primary,57.6,2393.51,2256.88,0.983093
72h,72h #1,primary,62.4,2389.66,2253.19,0.981482
72h,72h #1,primary,67.2,2383.25,2246.45,0.978549
72h,72h #1,primary,72,2373.54,2236.68,0.974292
72h,72h #1,primary,76.8,2377.53,2240.62,0.976008
72h,72h #1,primary,81.6,2374.95,2238.13,0.974925
72h,72h #1,primary,86.4,2368.17,2231.16,0.971886
72h,72h #1,primary,91.2,2365.94,2229,0.970948
72h,72h #1,primary,96,2355.98,2218.76,0.966485
72h,72h #1,primary,100.8,2351.92,2214.88,0.964795
72h,72h #1,primary,105.6,2353.53,2216.35,0.965437
72h,72h #1,primary,110.4,2349.71,2212.58,0.963794
72h,72h #1,primary,115.2,2347.18,2210.33,0.962816
72h,72h #1,primary,120,2332.41,2195.35,0.956289
72h,72h #1,primary,124.8,2334.7,2197.37,0.957168
72h,72h #1,primary,129.6,2333.17,2195.93,0.956543
72h,72h #1,primary,134.4,2318.8,2181.53,0.950269
72h,72h #1,primary,139.2,2318.51,2181.13,0.950095
72h,72h #1,primary,144,2317.82,2180.41,0.94978
72h,72h #1,primary,148.8,2320.33,2182.96,0.950893
72h,72h #1,primary,153.6,2309.1,2171.46,0.945883
72h,72h #1,primary,158.4,2300.82,2163.23,0.942299
72h,72h #1,primary,163.2,2303.97,2166.41,0.943684
72h,72h #1,primary,168,2292.92,2155.31,0.938848
72h,72h #1,primary,172.8,2298.3,2160.63,0.941167
72h,72h #1,primary,177.6,2289.06,2151.44,0.93716
72h,72h #1,primary,182.4,2282.49,2144.81,0.934275
72h,72h #1,primary,187.2,2280.73,2142.95,0.933461
72h,72h #1,primary,192,2272.95,2135.14,0.930062
72h,72h #1,primary,196.8,2264.6,2126.78,0.926421
72h,72h #1,primary,201.6,2259.98,2122.14,0.924399
72h,72h #1,primary,206.4,2257.57,2120.02,0.923474
72h,72h #1,primary,211.2,2249.82,2112.08,0.920017
72h,72h #1,primary,216,2245.59,2107.9,0.918195
72h,72h #1,primary,220.8,2245,2107.31,0.917939
72h,72h #1,primary,225.6,2240.7,2103.18,0.91614
72h,72h #1,primary,230.4,2234.26,2096.61,0.913276
72h,72h #1,primary,235.2,2231.1,2093.38,0.911873
72h,72h #1,primary,240,2225.44,2087.65,0.909373
72h,72h #1,primary,244.8,2219.09,2081.42,0.906662
72h,72h #1,primary,249.6,2215.43,2077.64,0.905013
72h,72h #1,primary,254.4,2212.71,2074.97,0.903851
72h,72h #1,primary,259.2,2205.31,2067.47,0.900583
72h,72h #1,primary,264,2201.33,2063.69,0.898938
72h,72h #1,primary,268.8,2199.29,2061.56,0.898011
72h,72h #1,primary,273.6,2189.97,2052.22,0.89394
72h,72h #1,primary,278.4,2183.18,2045.53,0.891028
72h,72h #1,primary,283.2,2184.98,2047.46,0.891869
72h,72h #1,primary,288,2179.95,2042.36,0.889647
72h,72h #1,primary,292.8,2175.09,2037.39,0.88748
72h,72h #1,primary,297.6,2166.38,2028.65,0.883675
72h,72h #1,primary,302.4,2165.11,2027.26,0.883068
72h,72h #1,primary,307.2,2158.29,2020.39,0.880075
72h,72h #1,primary,312,2152.07,2014.25,0.877403
72h,72h #1,primary,316.8,2151.5,2013.71,0.877165
72h,72h #1,primary,321.6,2143.84,2006.06,0.873834
72h,72h #1,primary,326.4,2139.79,2002.12,0.872118
72h,72h #1,primary,331.2,2135.49,1997.66,0.870177
72h,72h #1,primary,336,2125.76,1988.07,0.865997
72h,72h #1,primary,340.8,2119.17,1981.33,0.863062
72h,72h #1,primary,345.6,2121.08,1983.36,0.863947
72h,72h #1,primary,350.4,2119.26,1981.53,0.863149
72h,72h #1,primary,355.2,2108.96,1971.1,0.858605
72h,72h #1,primary,360,2110.65,1972.9,0.859391
72h,72h #1,primary,364.8,2104.58,1966.83,0.856744
72h,72h #1,primary,369.6,2095.1,1957.6,0.852724
72h,72h #1,primary,374.4,2084.35,1946.53,0.847902
72h,72h #1,primary,379.2,2083.14,1945.52,0.847463
72h,72h #1,primary,384,2074.01,1936.48,0.843524
72h,72h #1,primary,388.8,2070.06,1932.22,0.841672
72h,72h #1,primary,393.6,2061.66,1923.89,0.838041
72h,72h #1,primary,398.4,2063.31,1925.86,0.838901
72h,72h #1,primary,403.2,2055.42,1917.6,0.835303
72h,72h #1,primary,408,2048.7,1911.08,0.832461
72h,72h #1,primary,412.8,2044.49,1906.64,0.830526
72h,72h #1,primary,417.6,2039.89,1902.24,0.82861
72h,72h #1,primary,422.4,2035.45,1897.78,0.826669
72h,72h #1,primary,427.2,2035.77,1898.06,0.826792
72h,72h #1,primary,432,2022.94,1885.28,0.821224
72h,72h #1,primary,436.8,2023.15,1885.35,0.821253
72h,72h #1,primary,441.6,2019.12,1881.41,0.819538
72h,72h #1,primary,446.4,2014.4,1876.21,0.817272
72h,72h #1,primary,451.2,1999.89,1861.85,0.811015
72h,72h #1,primary,456,1990.83,1852.74,0.807049
72h,72h #1,primary,460.8,1992.16,1854.35,0.807752
72h,72h #1,primary,465.6,1989.04,1851.12,0.806344
72h,72h #1,primary,470.4,1984.28,1846.51,0.804336
72h,72h #1,primary,475.2,1979.26,1841.47,0.802137
72h,72h #2,primary,0,2907.7,2771.16,1.00377
72h,72h #2,primary,4.8,2894.94,2758.73,0.999265
72h,72h #2,primary,9.6,2888.47,2752.39,0.996968
72h,72h #2,primary,14.4,2877.36,2741.42,0.992993
72h,72h #2,primary,19.2,2872.35,2736.26,0.991124
72h,72h #2,primary,24,2865.98,2729.59,0.98871
72h,72h #2,primary,28.8,2855.26,2718.95,0.984853
72h,72h #2,primary,33.6,2842.45,2706.02,0.980171
72h,72h #2,primary,38.4,2840.33,2703.96,0.979424
72h,72h #2,primary,43.2,2830.33,2693.79,0.975741
72h,72h #2,primary,48,2818.11,2681.15,0.971162
72h,72h #2,primary,52.8,2816.61,2679.91,0.970712
72h,72h #2,primary,57.6,2803.13,2666.51,0.96586
72h,72h #2,primary,62.4,2796.28,2659.8,0.96343
72h,72h #2,primary,67.2,2787.27,2650.47,0.960051
72h,72h #2,primary,72,2775.81,2638.95,0.955879
72h,72h #2,primary,76.8,2771.89,2634.99,0.954442
72h,72h #2,primary,81.6,2759.78,2622.95,0.950083
72h,72h #2,primary,86.4,2754.13,2617.12,0.947968
72h,72h #2,primary,91.2,2745.27,2608.34,0.94479
72h,72h #2,primary,96,2744.55,2607.33,0.944422
72h,72h #2,primary,100.8,2730.3,2593.27,0.939329
72h,72h #2,primary,105.6,2717.3,2580.12,0.934569
72h,72h #2,primary,110.4,2715.55,2578.42,0.933952
72h,72h #2,primary,115.2,2698.73,2561.89,0.927964
72h,72h #2,primary,120,2690.22,2553.16,0.924802
72h,72h #2,primary,124.8,2684.09,2546.75,0.922481
72h,72h #2,primary,129.6,2674.33,2537.09,0.918983
72h,72h #2,primary,134.4,2669.32,2532.05,0.917154
72h,72h #2,primary,139.2,2660.58,2523.2,0.913951
72h,72h #2,primary,144,2656.92,2519.51,0.912612
72h,72h #2,primary,148.8,2645.03,2507.67,0.908323
72h,72h #2,primary,153.6,2635.32,2497.69,0.904708
72h,72h #2,primary,158.4,2632.23,2494.65,0.903608
72h,72h #2,primary,163.2,2619.61,2482.06,0.899047
72h,72h #2,primary,168,2608.1,2470.49,0.894858
72h,72h #2,primary,172.8,2604.55,2466.89,0.893552
72h,72h #2,primary,177.6,2593.99,2456.36,0.889741
72h,72h #2,primary,182.4,2589.13,2451.46,0.887963
72h,72h #2,primary,187.2,2587.7,2449.92,0.887405
72h,72h #2,primary,192,2573.28,2435.48,0.882175
72h,72h #2,primary,196.8,2559.72,2421.9,0.877257
72h,72h #2,primary,201.6,2545.75,2407.91,0.87219
72h,72h #2,primary,206.4,2545.25,2407.7,0.872113
72h,72h #2,primary,211.2,2535.17,2397.43,0.868393
72h,72h #2,primary,216,2525.83,2388.14,0.865028
72h,72h #2,primary,220.8,2519.27,2381.58,0.862653
72h,72h #2,primary,225.6,2512.49,2374.97,0.86026
72h,72h #2,primary,230.4,2503.02,2365.37,0.856781
72h,72h #2,primary,235.2,2497.96,2360.24,0.854923
72h,72h #2,primary,240,2486.13,2348.34,0.850612
72h,72h #2,primary,244.8,2476.46,2338.79,0.847153
72h,72h #2,primary,249.6,2462.1,2324.3,0.841906
72h,72h #2,primary,254.4,2461.57,2323.83,0.841734
72h,72h #2,primary,259.2,2455.74,2317.9,0.839585
72h,72h #2,primary,264,2442.5,2304.86,0.834864
72h,72h #2,primary,268.8,2439.51,2301.77,0.833745
72h,72h #2,primary,273.6,2429.36,2291.61,0.830063
72h,72h #2,primary,278.4,2423.34,2285.69,0.82792
72h,72h #2,primary,283.2,2413.75,2276.23,0.824493
72h,72h #2,primary,288,2405.29,2267.7,0.821404
72h,72h #2,primary,292.8,2396.41,2258.71,0.818147
72h,72h #2,primary,297.6,2384.82,2247.09,0.813938
72h,72h #2,primary,302.4,2380.8,2242.95,0.812438
72h,72h #2,primary,307.2,2371.12,2233.22,0.808915
72h,72h #2,primary,312,2365.85,2228.03,0.807035
72h,72h #2,primary,316.8,2361.85,2224.06,0.805596
72h,72h #2,primary,321.6,2350.59,2212.81,0.801521
72h,72h #2,primary,326.4,2347,2209.33,0.800262
72h,72h #2,primary,331.2,2330.41,2192.59,0.794196
72h,72h #2,primary,336,2332.71,2195.02,0.795077
72h,72h #2,primary,340.8,2325.41,2187.57,0.792378
72h,72h #2,primary,345.6,2312.84,2175.12,0.787868
72h,72h #2,primary,350.4,2299.7,2161.96,0.783104
72h,72h #2,primary,355.2,2299.5,2161.64,0.782987
72h,72h #2,primary,360,2287.57,2149.82,0.778705
72h,72h #2,primary,364.8,2277.03,2139.28,0.774887
72h,72h #2,primary,369.6,2274.28,2136.78,0.773981
72h,72h #2,primary,374.4,2261.43,2123.6,0.769209
72h,72h #2,primary,379.2,2254.94,2117.32,0.766931
72h,72h #2,primary,384,2251.83,2114.3,0.765839
72h,72h #2,primary,388.8,2242.65,2104.82,0.762404
72h,72h #2,primary,393.6,2231.2,2093.42,0.758276
72h,72h #2,primary,398.4,2225.63,2088.18,0.756378
72h,72h #2,primary,403.2,2215.21,2077.39,0.752471
72h,72h #2,primary,408,2200.69,2063.06,0.74728
72h,72h #2,primary,412.8,2193.58,2055.73,0.744622
72h,72h #2,primary,417.6,2196.12,2058.47,0.745615
72h,72h #2,primary,422.4,2182.03,2044.37,0.740508
72h,72h #2,primary,427.2,2169.84,2032.14,0.736078
72h,72h #2,primary,432,2162.86,2025.21,0.733568
72h,72h #2,primary,436.8,2165.02,2027.22,0.734295
72h,72h #2,primary,441.6,2150.59,2012.88,0.729104
72h,72h #2,primary,446.4,2149.01,2010.83,0.728359
72h,72h #2,primary,451.2,2136.69,1998.65,0.723947
72h,72h #2,primary,456,2124.72,1986.63,0.719595
72h,72h #2,primary,460.8,2118.72,1980.92,0.717525
72h,72h #2,primary,465.6,2111.61,1973.69,0.714908
72h,72h #2,primary,470.4,2100.81,1963.04,0.71105
72h,72h #2,primary,475.2,2096.25,1958.46,0.70939
72h,72h #2,primary,480,2097.35,1959.56,0.709791
72h,72h #2,primary,484.8,2085.71,1947.92,0.705574
72h,72h #2,primary,489.6,2084.56,1946.77,0.705156
72h,72h #2,primary,494.4,2078.49,1940.7,0.702957
72h,72h #2,primary,499.2,2069.79,1932,0.699805
72h,72h #3,primary,0,2900.41,2763.86,1.00203
72h,72h #3,primary,4.8,2897.56,2761.36,1.00112
72h,72h #3,primary,9.6,2885.69,2749.61,0.996858
72h,72h #3,primary,14.4,2878.92,2742.97,0.994452
72h,72h #3,primary,19.2,2868.32,2732.24,0.990559
72h,72h #3,primary,24,2859.79,2723.41,0.987361
72h,72h #3,primary,28.8,2853.65,2717.34,0.985159
72h,72h #3,primary,33.6,2845.01,2708.58,0.981983
72h,72h #3,primary,38.4,2839.81,2703.43,0.980115
72h,72h #3,primary,43.2,2825.27,2688.73,0.974787
72h,72h #3,primary,48,2821.43,2684.46,0.97324
72h,72h #3,primary,52.8,2823.51,2686.8,0.974087
72h,72h #3,primary,57.6,2808.46,2671.84,0.968663
72h,72h #3,primary,62.4,2807.4,2670.92,0.968329
72h,72h #3,primary,67.2,2793.18,2656.38,0.96306
72h,72h #3,primary,72,2777.41,2640.55,0.957319
72h,72h #3,primary,76.8,2780.12,2643.21,0.958284
72h,72h #3,primary,81.6,2774.57,2637.75,0.956302
72h,72h #3,primary,86.4,2758.62,2621.61,0.950452
72h,72h #3,primary,91.2,2752.04,2615.11,0.948095
72h,72h #3,primary,96,2747.99,2610.77,0.946522
72h,72h #3,primary,100.8,2737.48,2600.45,0.942779
72h,72h #3,primary,105.6,2722.92,2585.75,0.937451
72h,72h #3,primary,110.4,2717.43,2580.3,0.935474
72h,72h #3,primary,115.2,2708.15,2571.31,0.932215
72h,72h #3,primary,120,2702.48,2565.42,0.93008
72h,72h #3,primary,124.8,2694.44,2557.1,0.927065
72h,72h #3,primary,129.6,2679.57,2542.33,0.92171
72h,72h #3,primary,134.4,2682.4,2545.13,0.922725
72h,72h #3,primary,139.2,2673.14,2535.76,0.919327
72h,72h #3,primary,144,2668.4,2530.98,0.917595
72h,72h #3,primary,148.8,2655.03,2517.66,0.912764
72h,72h #3,primary,153.6,2651.74,2514.11,0.911478
72h,72h #3,primary,158.4,2643.77,2506.18,0.908604
72h,72h #3,primary,163.2,2631.85,2494.3,0.904295
72h,72h #3,primary,168,2625.36,2487.75,0.901923
72h,72h #3,primary,172.8,2613.29,2475.63,0.897527
72h,72h #3,primary,177.6,2609.18,2471.56,0.896052
72h,72h #3,primary,182.4,2604.05,2466.38,0.894173
72h,72h #3,primary,187.2,2593.84,2456.05,0.89043
72h,72h #3,primary,192,2585.68,2447.88,0.887466
72h,72h #3,primary,196.8,2572.29,2434.47,0.882606
72h,72h #3,primary,201.6,2568.35,2430.51,0.88117
72h,72h #3,primary,206.4,2565.96,2428.41,0.880408
72h,72h #3,primary,211.2,2553.77,2416.03,0.87592
72h,72h #3,primary,216,2546.64,2408.94,0.87335
72h,72h #3,primary,220.8,2538.95,2401.26,0.870565
72h,72h #3,primary,225.6,2528.45,2390.93,0.866821
72h,72h #3,primary,230.4,2521.73,2384.09,0.864339
72h,72h #3,primary,235.2,2513.7,2375.98,0.8614
72h,72h #3,primary,240,2510.35,2372.56,0.860161
72h,72h #3,primary,244.8,2500.82,2363.14,0.856747
72h,72h #3,primary,249.6,2493.54,2355.74,0.854063
72h,72h #3,primary,254.4,2483.35,2345.6,0.850388
72h,72h #3,primary,259.2,2474.98,2337.14,0.847318
72h,72h #3,primary,264,2468.1,2330.46,0.844897
72h,72h #3,primary,268.8,2466.3,2328.57,0.844211
72h,72h #3,primary,273.6,2455.01,2317.26,0.84011
72h,72h #3,primary,278.4,2445.97,2308.32,0.836869
72h,72h #3,primary,283.2,2439.12,2301.6,0.834433
72h,72h #3,primary,288,2426.25,2288.67,0.829746
72h,72h #3,primary,292.8,2415.76,2278.07,0.825902
72h,72h #3,primary,297.6,2405.48,2267.76,0.822164
72h,72h #3,primary,302.4,2401.1,2263.25,0.820529
72h,72h #3,primary,307.2,2389.61,2251.71,0.816348
72h,72h #3,primary,312,2385.39,2247.58,0.814848
72h,72h #3,primary,316.8,2375.19,2237.4,0.811157
72h,72h #3,primary,321.6,2373.56,2235.77,0.810569
72h,72h #3,primary,326.4,2359,2221.33,0.805332
72h,72h #3,primary,331.2,2354.38,2216.55,0.803601
72h,72h #3,primary,336,2345.89,2208.2,0.800571
72h,72h #3,primary,340.8,2343.27,2205.43,0.799568
72h,72h #3,primary,345.6,2331.41,2193.69,0.795312
72h,72h #3,primary,350.4,2328.5,2190.77,0.794253
72h,72h #3,primary,355.2,2314.23,2176.37,0.789034
72h,72h #3,primary,360,2302.99,2165.24,0.784996
72h,72h #3,primary,364.8,2298.62,2160.87,0.783412
72h,72h #3,primary,369.6,2295.52,2158.02,0.782379
72h,72h #3,primary,374.4,2288.85,2151.03,0.779844
72h,72h #3,primary,379.2,2282.02,2144.4,0.777442
72h,72h #3,primary,384,2268.96,2131.43,0.77274
72h,72h #3,primary,388.8,2264.47,2126.63,0.771001
72h,72h #3,primary,393.6,2257.2,2119.42,0.768387
72h,72h #3,primary,398.4,2253.16,2115.72,0.767044
72h,72h #3,primary,403.2,2240.72,2102.9,0.762396
72h,72h #3,primary,408,2242.43,2104.81,0.763088
72h,72h #3,primary,412.8,2224.66,2086.8,0.75656
72h,72h #3,primary,417.6,2214.91,2077.25,0.753097
72h,72h #3,primary,422.4,2210.61,2072.94,0.751534
72h,72h #3,primary,427.2,2194.67,2056.96,0.745741
72h,72h #3,primary,432,2195.17,2057.51,0.745942
72h,72h #3,primary,436.8,2182.78,2044.97,0.741396
72h,72h #3,primary,441.6,2176.25,2038.54,0.739063
72h,72h #3,primary,446.4,2173.41,2035.22,0.73786
72h,72h #3,primary,451.2,2159.46,2021.41,0.732853
72h,72h #3,primary,456,2148.41,2010.32,0.728831
72h,72h #3,primary,460.8,2144.7,2006.9,0.727592
72h,72h #3,primary,465.6,2136.04,1998.12,0.72441
72h,72h #3,primary,470.4,2131.43,1993.67,0.722795
72h,72h #3,primary,475.2,2114.64,1976.85,0.716697
72h,72h #4,primary,0,3022.69,2886.14,1.00212
72h,72h #4,primary,4.8,3017.59,2881.38,1.00047
72h,72h #4,primary,9.6,3008.64,2872.56,0.997406
72h,72h #4,primary,14.4,3006.91,2870.97,0.996855
72h,72h #4,primary,19.2,2992.6,2856.51,0.991834
72h,72h #4,primary,24,2996.27,2859.89,0.993008
72h,72h #4,primary,28.8,2986.7,2850.39,0.989709
72h,72h #4,primary,33.6,2986.65,2850.22,0.98965
72h,72h #4,primary,38.4,2975.06,2838.69,0.985645
72h,72h #4,primary,43.2,2964.87,2828.33,0.982049
72h,72h #4,primary,48,2969.69,2832.72,0.983574
72h,72h #4,primary,52.8,2967.48,2830.77,0.982898
72h,72h #4,primary,57.6,2965.81,2829.19,0.982347
72h,72h #4,primary,62.4,2953.7,2817.23,0.978194
72h,72h #4,primary,67.2,2952.45,2815.66,0.97765
72h,72h #4,primary,72,2947.3,2810.44,0.975839
72h,72h #4,primary,76.8,2939.25,2802.34,0.973025
72h,72h #4,primary,81.6,2935.21,2798.38,0.971652
72h,72h #4,primary,86.4,2927.12,2790.1,0.968777
72h,72h #4,primary,91.2,2925.65,2788.71,0.968294
72h,72h #4,primary,96,2915.5,2778.27,0.964669
72h,72h #4,primary,100.8,2910.49,2773.45,0.962994
72h,72h #4,primary,105.6,2908.93,2771.76,0.962406
72h,72h #4,primary,110.4,2892.22,2755.08,0.956616
72h,72h #4,primary,115.2,2887.09,2750.24,0.954936
72h,72h #4,primary,120,2889.54,2752.48,0.955714
72h,72h #4,primary,124.8,2880.38,2743.05,0.952438
72h,72h #4,primary,129.6,2876.11,2738.87,0.950986
72h,72h #4,primary,134.4,2873.4,2736.13,0.950037
72h,72h #4,primary,139.2,2867.09,2729.72,0.947809
72h,72h #4,primary,144,2859.4,2721.99,0.945125
72h,72h #4,primary,148.8,2855.01,2717.64,0.943615
72h,72h #4,primary,153.6,2851.28,2713.65,0.94223
72h,72h #4,primary,158.4,2840.74,2703.16,0.938588
72h,72h #4,primary,163.2,2834.68,2697.12,0.936491
72h,72h #4,primary,168,2828.77,2691.16,0.93442
72h,72h #4,primary,172.8,2820.76,2683.09,0.93162
72h,72h #4,primary,177.6,2818.91,2681.28,0.930992
72h,72h #4,primary,182.4,2811.62,2673.94,0.928443
72h,72h #4,primary,187.2,2796.61,2658.83,0.923195
72h,72h #4,primary,192,2796.87,2659.06,0.923277
72h,72h #4,primary,196.8,2788.67,2650.85,0.920424
72h,72h #4,primary,201.6,2785.01,2647.17,0.919148
72h,72h #4,primary,206.4,2778.66,2641.1,0.917041
72h,72h #4,primary,211.2,2769.32,2631.58,0.913736
72h,72h #4,primary,216,2758.84,2621.14,0.91011
72h,72h #4,primary,220.8,2755.32,2617.63,0.90889
72h,72h #4,primary,225.6,2746.53,2609.02,0.9059
72h,72h #4,primary,230.4,2742.38,2604.73,0.904411
72h,72h #4,primary,235.2,2735.74,2598.02,0.902081
72h,72h #4,primary,240,2726.83,2589.03,0.898961
72h,72h #4,primary,244.8,2721.84,2584.17,0.897272
72h,72h #4,primary,249.6,2714.49,2576.7,0.894678
72h,72h #4,primary,254.4,2708.4,2570.65,0.892579
72h,72h #4,primary,259.2,2703.47,2565.63,0.890834
72h,72h #4,primary,264,2696.9,2559.26,0.888623
72h,72h #4,primary,268.8,2685.24,2547.51,0.884543
72h,72h #4,primary,273.6,2689.61,2551.85,0.886052
72h,72h #4,primary,278.4,2673.46,2535.81,0.880481
72h,72h #4,primary,283.2,2663.35,2525.83,0.877016
72h,72h #4,primary,288,2656.17,2518.58,0.874499
72h,72h #4,primary,292.8,2645.4,2507.7,0.87072
72h,72h #4,primary,297.6,2643.37,2505.64,0.870007
72h,72h #4,primary,302.4,2637.05,2499.2,0.86777
72h,72h #4,primary,307.2,2634.41,2496.51,0.866836
72h,72h #4,primary,312,2624.18,2486.37,0.863314
72h,72h #4,primary,316.8,2611.33,2473.54,0.85886
72h,72h #4,primary,321.6,2604,2466.22,0.856318
72h,72h #4,primary,326.4,2595.35,2457.68,0.853352
72h,72h #4,primary,331.2,2587.1,2449.28,0.850435
72h,72h #4,primary,336,2583.89,2446.2,0.849366
72h,72h #4,primary,340.8,2583.6,2445.76,0.849215
72h,72h #4,primary,345.6,2572.84,2435.12,0.84552
72h,72h #4,primary,350.4,2565.84,2428.1,0.843083
72h,72h #4,primary,355.2,2554.01,2416.15,0.838932
72h,72h #4,primary,360,2543.82,2406.07,0.835432
72h,72h #4,primary,364.8,2538.93,2401.17,0.833732
72h,72h #4,primary,369.6,2531.88,2394.38,0.831374
72h,72h #4,primary,374.4,2526.03,2388.21,0.829232
72h,72h #4,primary,379.2,2523.67,2386.04,0.828479
72h,72h #4,primary,384,2516.3,2378.77,0.825954
72h,72h #4,primary,388.8,2504.21,2366.37,0.82165
72h,72h #4,primary,393.6,2492.62,2354.84,0.817646
72h,72h #4,primary,398.4,2492.11,2354.66,0.817583
72h,72h #4,primary,403.2,2489.16,2351.34,0.816428
72h,72h #4,primary,408,2475.68,2338.06,0.811817
72h,72h #4,primary,412.8,2472.1,2334.25,0.810495
72h,72h #4,primary,417.6,2462.08,2324.42,0.807082
72h,72h #4,primary,422.4,2452.6,2314.93,0.803787
72h,72h #4,primary,427.2,2444.66,2306.95,0.801017
72h,72h #4,primary,432,2444.71,2307.05,0.801053
72h,72h #4,primary,436.8,2434.26,2296.46,0.797374
72h,72h #4,primary,441.6,2425.31,2287.61,0.7943
72h,72h #4,primary,446.4,2415.73,2277.54,0.790806
72h,72h #4,primary,451.2,2419.1,2281.05,0.792023
72h,72h #4,primary,456,2413.16,2275.06,0.789945
72h,72h #4,primary,460.8,2402.15,2264.35,0.786225
72h,72h #4,primary,465.6,2389.01,2251.1,0.781623
72h,72h #4,primary,470.4,2380.24,2242.48,0.778631
72h,72h #4,primary,475.2,2374.07,2236.28,0.776479
72h,72h #5,primary,0,2866.48,2729.93,0.999877
72h,72h #5,primary,4.8,2865.92,2729.72,0.999799
72h,72h #5,primary,9.6,2867.23,2731.15,1.00032
72h,72h #5,primary,14.4,2863.93,2727.98,0.999163
72h,72h #5,primary,19.2,2859.36,2723.27,0.997435
72h,72h #5,primary,24,2855.91,2719.52,0.996064
72h,72h #5,primary,28.8,2858.19,2721.88,0.996926
72h,72h #5,primary,33.6,2856.6,2720.17,0.996302
72h,72h #5,primary,38.4,2852.57,2716.19,0.994843
72h,72h #5,primary,43.2,2847.62,2711.08,0.992972
72h,72h #5,primary,48,2842.43,2705.46,0.990914
72h,72h #5,primary,52.8,2843.32,2706.61,0.991336
72h,72h #5,primary,57.6,2845.15,2708.53,0.992036
72h,72h #5,primary,62.4,2833.56,2697.09,0.987846
72h,72h #5,primary,67.2,2826.5,2689.71,0.985143
72h,72h #5,primary,72,2828.84,2691.99,0.985979
72h,72h #5,primary,76.8,2823.11,2686.21,0.983862
72h,72h #5,primary,81.6,2813.16,2676.34,0.980247
72h,72h #5,primary,86.4,2811.09,2674.07,0.979418
72h,72h #5,primary,91.2,2809.04,2672.1,0.978696
72h,72h #5,primary,96,2803.41,2666.19,0.976528
72h,72h #5,primary,100.8,2796.4,2659.36,0.974029
72h,72h #5,primary,105.6,2797.12,2659.95,0.974243
72h,72h #5,primary,110.4,2793.36,2656.23,0.97288
72h,72h #5,primary,115.2,2780.87,2644.03,0.968412
72h,72h #5,primary,120,2789.66,2652.6,0.971552
72h,72h #5,primary,124.8,2783.28,2645.94,0.969114
72h,72h #5,primary,129.6,2777.57,2640.33,0.967058
72h,72h #5,primary,134.4,2779.74,2642.47,0.967841
72h,72h #5,primary,139.2,2776.59,2639.21,0.966647
72h,72h #5,primary,144,2767.57,2630.16,0.963331
72h,72h #5,primary,148.8,2765.2,2627.83,0.96248
72h,72h #5,primary,153.6,2752.6,2614.97,0.957769
72h,72h #5,primary,158.4,2752.45,2614.87,0.957732
72h,72h #5,primary,163.2,2748.76,2611.2,0.956389
72h,72h #5,primary,168,2743.33,2605.72,0.954382
72h,72h #5,primary,172.8,2744.14,2606.48,0.954658
72h,72h #5,primary,177.6,2732.04,2594.41,0.950241
72h,72h #5,primary,182.4,2734.67,2597,0.951186
72h,72h #5,primary,187.2,2724.05,2586.27,0.947257
72h,72h #5,primary,192,2722.04,2584.23,0.946511
72h,72h #5,primary,196.8,2711.78,2573.96,0.94275
72h,72h #5,primary,201.6,2707.88,2570.05,0.941315
72h,72h #5,primary,206.4,2699.09,2561.54,0.938199
72h,72h #5,primary,211.2,2697.73,2559.99,0.937633
72h,72h #5,primary,216,2696.36,2558.67,0.937148
72h,72h #5,primary,220.8,2692.36,2554.67,0.935684
72h,72h #5,primary,225.6,2686.31,2548.8,0.933532
72h,72h #5,primary,230.4,2682.69,2545.04,0.932156
72h,72h #5,primary,235.2,2677.61,2539.89,0.930272
72h,72h #5,primary,240,2669.81,2532.01,0.927385
72h,72h #5,primary,244.8,2668.78,2531.1,0.927053
72h,72h #5,primary,249.6,2654.96,2517.16,0.921945
72h,72h #5,primary,254.4,2651.98,2514.23,0.920873
72h,72h #5,primary,259.2,2648.3,2510.45,0.919489
72h,72h #5,primary,264,2641.41,2503.77,0.917041
72h,72h #5,primary,268.8,2642.93,2505.2,0.917564
72h,72h #5,primary,273.6,2632.44,2494.68,0.913713
72h,72h #5,primary,278.4,2627.62,2489.97,0.911985
72h,72h #5,primary,283.2,2617.5,2479.98,0.908328
72h,72h #5,primary,288,2612.71,2475.13,0.90655
72h,72h #5,primary,292.8,2608.65,2470.96,0.905022
72h,72h #5,primary,297.6,2605.73,2468.01,0.903943
72h,72h #5,primary,302.4,2600.35,2462.5,0.901927
72h,72h #5,primary,307.2,2592.73,2454.83,0.899115
72h,72h #5,primary,312,2586.39,2448.58,0.896826
72h,72h #5,primary,316.8,2575.82,2438.03,0.892962
72h,72h #5,primary,321.6,2567.21,2429.43,0.889813
72h,72h #5,primary,326.4,2573.48,2435.82,0.892152
72h,72h #5,primary,331.2,2562.51,2424.68,0.888074
72h,72h #5,primary,336,2555.96,2418.27,0.885725
72h,72h #5,primary,340.8,2546.95,2409.11,0.882371
72h,72h #5,primary,345.6,2542.97,2405.25,0.880957
72h,72h #5,primary,350.4,2533.25,2395.52,0.877392
72h,72h #5,primary,355.2,2528.31,2390.45,0.875537
72h,72h #5,primary,360,2523.16,2385.41,0.873689
72h,72h #5,primary,364.8,2507.62,2369.86,0.867996
72h,72h #5,primary,369.6,2508.46,2370.96,0.868396
72h,72h #5,primary,374.4,2506.62,2368.8,0.867607
72h,72h #5,primary,379.2,2500.24,2362.62,0.865342
72h,72h #5,primary,384,2493.64,2356.11,0.862957
72h,72h #5,primary,388.8,2487.28,2349.45,0.86052
72h,72h #5,primary,393.6,2483.67,2345.89,0.859216
72h,72h #5,primary,398.4,2469.75,2332.31,0.854241
72h,72h #5,primary,403.2,2469.31,2331.49,0.85394
72h,72h #5,primary,408,2464.4,2326.78,0.852216
72h,72h #5,primary,412.8,2455.81,2317.95,0.848983
72h,72h #5,primary,417.6,2448.47,2310.82,0.846369
72h,72h #5,primary,422.4,2437.48,2299.81,0.842338
72h,72h #5,primary,427.2,2437.81,2300.1,0.842446
72h,72h #5,primary,432,2427.88,2290.22,0.838824
72h,72h #5,primary,436.8,2423.95,2286.14,0.837333
72h,72h #5,primary,441.6,2417.75,2280.04,0.835098
72h,72h #5,primary,446.4,2412.58,2274.39,0.833028
72h,72h #5,primary,451.2,2405.02,2266.97,0.83031
72h,72h #5,primary,456,2393.6,2255.51,0.826111
72h,72h #5,primary,460.8,2390.71,2252.91,0.825159
72h,72h #5,primary,465.6,2392.37,2254.45,0.825725
72h,72h #5,primary,470.4,2382.81,2245.04,0.822278
72h,72h #5,primary,475.2,2378.79,2241,0.820798
72h,72h #6,primary,0,2935.58,2799.04,1.00083
72h,72h #6,primary,4.8,2934.14,2797.94,1.00043
72h,72h #6,primary,9.6,2929.29,2793.21,0.998741
72h,72h #6,primary,14.4,2929.08,2793.14,0.998717
72h,72h #6,primary,19.2,2925.22,2789.13,0.997283
72h,72h #6,primary,24,2924.66,2788.28,0.996977
72h,72h #6,primary,28.8,2917.09,2780.78,0.994296
72h,72h #6,primary,33.6,2923.8,2787.37,0.996653
72h,72h #6,primary,38.4,2922.67,2786.29,0.996267
72h,72h #6,primary,43.2,2919.73,2783.19,0.99516
72h,72h #6,primary,48,2920.7,2783.74,0.995354
72h,72h #6,primary,52.8,2918.65,2781.94,0.994712
72h,72h #6,primary,57.6,2915.55,2778.93,0.993636
72h,72h #6,primary,62.4,2913.84,2777.36,0.993075
72h,72h #6,primary,67.2,2909.4,2772.6,0.991373
72h,72h #6,primary,72,2904.78,2767.93,0.9897
72h,72h #6,primary,76.8,2907.32,2770.42,0.990591
72h,72h #6,primary,81.6,2910.24,2773.41,0.991663
72h,72h #6,primary,86.4,2907.33,2770.32,0.990555
72h,72h #6,primary,91.2,2899.68,2762.74,0.987848
72h,72h #6,primary,96,2895.89,2758.67,0.986389
72h,72h #6,primary,100.8,2903.49,2766.45,0.989173
72h,72h #6,primary,105.6,2896.82,2759.64,0.98674
72h,72h #6,primary,110.4,2896.06,2758.93,0.986483
72h,72h #6,primary,115.2,2889.71,2752.87,0.984316
72h,72h #6,primary,120,2892.07,2755.01,0.985083
72h,72h #6,primary,124.8,2892.07,2754.73,0.984984
72h,72h #6,primary,129.6,2877.55,2740.31,0.979826
72h,72h #6,primary,134.4,2880.31,2743.04,0.980804
72h,72h #6,primary,139.2,2874.62,2737.24,0.97873
72h,72h #6,primary,144,2869.02,2731.61,0.976715
72h,72h #6,primary,148.8,2865.88,2728.51,0.975607
72h,72h #6,primary,153.6,2872.67,2735.04,0.977942
72h,72h #6,primary,158.4,2869.87,2732.29,0.976958
72h,72h #6,primary,163.2,2854.79,2717.23,0.971574
72h,72h #6,primary,168,2852.54,2714.93,0.970752
72h,72h #6,primary,172.8,2857.78,2720.12,0.972607
72h,72h #6,primary,177.6,2850.45,2712.82,0.969998
72h,72h #6,primary,182.4,2841.78,2704.11,0.966881
72h,72h #6,primary,187.2,2838.32,2700.54,0.965605
72h,72h #6,primary,192,2832.52,2694.72,0.963523
72h,72h #6,primary,196.8,2831.73,2693.9,0.963233
72h,72h #6,primary,201.6,2830.43,2692.59,0.962765
72h,72h #6,primary,206.4,2827.72,2690.16,0.961895
72h,72h #6,primary,211.2,2832.27,2694.53,0.963457
72h,72h #6,primary,216,2821.49,2683.79,0.959618
72h,72h #6,primary,220.8,2819.91,2682.22,0.959055
72h,72h #6,primary,225.6,2811.5,2673.98,0.95611
72h,72h #6,primary,230.4,2816.15,2678.5,0.957726
72h,72h #6,primary,235.2,2807.88,2670.16,0.954744
72h,72h #6,primary,240,2805.8,2668.01,0.953975
72h,72h #6,primary,244.8,2799.45,2661.78,0.951747
72h,72h #6,primary,249.6,2793.79,2655.99,0.949677
72h,72h #6,primary,254.4,2799.6,2661.86,0.951776
72h,72h #6,primary,259.2,2786.78,2648.93,0.947154
72h,72h #6,primary,264,2784.71,2647.08,0.94649
72h,72h #6,primary,268.8,2781.86,2644.13,0.945437
72h,72h #6,primary,273.6,2768.33,2630.58,0.940591
72h,72h #6,primary,278.4,2770.51,2632.86,0.941406
72h,72h #6,primary,283.2,2771.66,2634.14,0.941865
72h,72h #6,primary,288,2763.68,2626.1,0.938988
72h,72h #6,primary,292.8,2761.09,2623.39,0.938021
72h,72h #6,primary,297.6,2748.15,2610.43,0.933385
72h,72h #6,primary,302.4,2735.17,2597.32,0.928697
72h,72h #6,primary,307.2,2734.99,2597.09,0.928615
72h,72h #6,primary,312,2733.94,2596.13,0.928273
72h,72h #6,primary,316.8,2731.52,2593.73,0.927416
72h,72h #6,primary,321.6,2728.03,2590.24,0.926168
72h,72h #6,primary,326.4,2723.44,2585.77,0.924568
72h,72h #6,primary,331.2,2714.05,2576.22,0.921156
72h,72h #6,primary,336,2704.16,2566.47,0.917668
72h,72h #6,primary,340.8,2704.85,2567.01,0.917861
72h,72h #6,primary,345.6,2698.42,2560.7,0.915603
72h,72h #6,primary,350.4,2697.76,2560.03,0.915364
72h,72h #6,primary,355.2,2683.5,2545.64,0.91022
72h,72h #6,primary,360,2683.92,2546.17,0.910409
72h,72h #6,primary,364.8,2680.09,2542.34,0.909039
72h,72h #6,primary,369.6,2676.91,2539.4,0.90799
72h,72h #6,primary,374.4,2671.66,2533.84,0.906001
72h,72h #6,primary,379.2,2663.78,2526.15,0.903253
72h,72h #6,primary,384,2655.88,2518.35,0.900462
72h,72h #6,primary,388.8,2650.72,2512.89,0.898511
72h,72h #6,primary,393.6,2640.63,2502.85,0.894922
72h,72h #6,primary,398.4,2638.77,2501.33,0.894376
72h,72h #6,primary,403.2,2635.79,2497.97,0.893177
72h,72h #6,primary,408,2625.39,2487.77,0.889529
72h,72h #6,primary,412.8,2625.4,2487.55,0.889448
72h,72h #6,primary,417.6,2620.53,2482.88,0.887778
72h,72h #6,primary,422.4,2617.1,2479.44,0.886548
72h,72h #6,primary,427.2,2607.72,2470.01,0.883177
72h,72h #6,primary,432,2600.26,2462.6,0.880529
72h,72h #6,primary,436.8,2592.06,2454.26,0.877545
72h,72h #6,primary,441.6,2583.37,2445.67,0.874473
72h,72h #6,primary,446.4,2579.8,2441.61,0.873022
72h,72h #6,primary,451.2,2573.55,2435.5,0.870837
72h,72h #6,primary,456,2571.82,2433.73,0.870207
72h,72h #6,primary,460.8,2557.69,2419.88,0.865254
72h,72h #6,primary,465.6,2557.04,2419.13,0.864985
72h,72h #6,primary,470.4,2551.45,2413.69,0.863039
72h,72h #6,primary,475.2,2552.29,2414.5,0.86333
72h,72h #7,primary,0,2599.91,2463.37,1.00028
72h,72h #7,primary,4.8,2602.41,2466.21,1.00143
72h,72h #7,primary,9.6,2594.57,2458.49,0.998295
72h,72h #7,primary,14.4,2589.97,2454.03,0.996485
72h,72h #7,primary,19.2,2591.24,2455.15,0.996939
72h,72h #7,primary,24,2582.41,2446.02,0.993234
72h,72h #7,primary,28.8,2580.66,2444.35,0.992555
72h,72h #7,primary,33.6,2580.93,2444.5,0.992615
72h,72h #7,primary,38.4,2566.25,2429.87,0.986675
72h,72h #7,primary,43.2,2569.21,2432.67,0.987812
72h,72h #7,primary,48,2569.53,2432.57,0.987769
72h,72h #7,primary,52.8,2563.18,2426.47,0.985294
72h,72h #7,primary,57.6,2558.28,2421.66,0.98334
72h,72h #7,primary,62.4,2556.85,2420.37,0.982817
72h,72h #7,primary,67.2,2552.09,2415.29,0.980756
72h,72h #7,primary,72,2547.83,2410.98,0.979002
72h,72h #7,primary,76.8,2541.39,2404.49,0.976367
72h,72h #7,primary,81.6,2537.24,2400.42,0.974717
72h,72h #7,primary,86.4,2527.89,2390.88,0.970841
72h,72h #7,primary,91.2,2534.68,2397.75,0.973632
72h,72h #7,primary,96,2528.93,2391.71,0.971179
72h,72h #7,primary,100.8,2528.36,2391.32,0.971019
72h,72h #7,primary,105.6,2521.77,2384.6,0.968291
72h,72h #7,primary,110.4,2521.45,2384.32,0.968177
72h,72h #7,primary,115.2,2513.51,2376.66,0.965068
72h,72h #7,primary,120,2502.34,2365.28,0.960445
72h,72h #7,primary,124.8,2498.28,2360.94,0.958686
72h,72h #7,primary,129.6,2501.26,2364.02,0.959935
72h,72h #7,primary,134.4,2494.45,2357.18,0.957157
72h,72h #7,primary,139.2,2487.71,2350.33,0.954376
72h,72h #7,primary,144,2486.94,2349.53,0.954051
72h,72h #7,primary,148.8,2480.25,2342.89,0.951353
72h,72h #7,primary,153.6,2478.96,2341.32,0.950719
72h,72h #7,primary,158.4,2467.69,2330.11,0.946164
72h,72h #7,primary,163.2,2466.8,2329.24,0.945813
72h,72h #7,primary,168,2467.41,2329.8,0.946041
72h,72h #7,primary,172.8,2460.87,2323.2,0.943361
72h,72h #7,primary,177.6,2452.02,2314.4,0.939785
72h,72h #7,primary,182.4,2446.89,2309.22,0.937682
72h,72h #7,primary,187.2,2442.45,2304.66,0.935832
72h,72h #7,primary,192,2433.39,2295.58,0.932146
72h,72h #7,primary,196.8,2434.49,2296.67,0.932586
72h,72h #7,primary,201.6,2429.41,2291.57,0.930518
72h,72h #7,primary,206.4,2421.86,2284.31,0.927567
72h,72h #7,primary,211.2,2419.16,2281.42,0.926394
72h,72h #7,primary,216,2413,2275.3,0.92391
72h,72h #7,primary,220.8,2409.84,2272.15,0.92263
72h,72h #7,primary,225.6,2404.97,2267.46,0.920725
72h,72h #7,primary,230.4,2399.9,2262.25,0.918609
72h,72h #7,primary,235.2,2398.95,2261.23,0.918198
72h,72h #7,primary,240,2394.18,2256.39,0.91623
72h,72h #7,primary,244.8,2385.88,2248.21,0.91291
72h,72h #7,primary,249.6,2381.14,2243.35,0.910934
72h,72h #7,primary,254.4,2378.14,2240.4,0.909737
72h,72h #7,primary,259.2,2374.92,2237.07,0.908387
72h,72h #7,primary,264,2367.07,2229.43,0.905284
72h,72h #7,primary,268.8,2359.77,2222.04,0.902281
72h,72h #7,primary,273.6,2346.38,2208.62,0.896835
72h,72h #7,primary,278.4,2344.53,2206.88,0.896127
72h,72h #7,primary,283.2,2349.11,2211.59,0.898041
72h,72h #7,primary,288,2337.72,2200.14,0.893389
72h,72h #7,primary,292.8,2332.08,2194.38,0.891052
72h,72h #7,primary,297.6,2326.74,2189.02,0.888874
72h,72h #7,primary,302.4,2323,2185.15,0.887303
72h,72h #7,primary,307.2,2313.33,2175.43,0.883356
72h,72h #7,primary,312,2315.39,2177.58,0.884228
72h,72h #7,primary,316.8,2311.07,2173.28,0.882484
72h,72h #7,primary,321.6,2299.22,2161.44,0.877674
72h,72h #7,primary,326.4,2296.86,2159.19,0.876761
72h,72h #7,primary,331.2,2291.35,2153.53,0.874462
72h,72h #7,primary,336,2289.08,2151.39,0.873595
72h,72h #7,primary,340.8,2283.84,2146,0.871405
72h,72h #7,primary,345.6,2273.05,2135.32,0.867071
72h,72h #7,primary,350.4,2267.71,2129.98,0.8649
72h,72h #7,primary,355.2,2265.35,2127.49,0.863889
72h,72h #7,primary,360,2258.66,2120.91,0.861217
72h,72h #7,primary,364.8,2254.58,2116.82,0.859559
72h,72h #7,primary,369.6,2247.81,2110.31,0.856912
72h,72h #7,primary,374.4,2238.01,2100.19,0.852803
72h,72h #7,primary,379.2,2233.52,2095.9,0.851061
72h,72h #7,primary,384,2232.24,2094.71,0.85058
72h,72h #7,primary,388.8,2230.35,2092.52,0.849691
72h,72h #7,primary,393.6,2224.06,2086.29,0.847159
72h,72h #7,primary,398.4,2215.53,2078.09,0.843829
72h,72h #7,primary,403.2,2214.03,2076.21,0.843065
72h,72h #7,primary,408,2210.56,2072.94,0.841739
72h,72h #7,primary,412.8,2203.53,2065.67,0.838788
72h,72h #7,primary,417.6,2196.39,2058.73,0.835968
72h,72h #7,primary,422.4,2187.39,2049.72,0.832311
72h,72h #7,primary,427.2,2185.47,2047.76,0.831515
72h,72h #7,primary,432,2178.31,2040.65,0.828626
72h,72h #7,primary,436.8,2176.82,2039.02,0.827964
72h,72h #7,primary,441.6,2167.29,2029.58,0.824132
72h,72h #7,primary,446.4,2165.74,2027.55,0.823307
72h,72h #7,primary,451.2,2159.21,2021.16,0.820715
72h,72h #7,primary,456,2145.57,2007.48,0.815158
72h,72h #7,primary,460.8,2147.17,2009.37,0.815926
72h,72h #7,primary,465.6,2141.87,2003.95,0.813726
72h,72h #7,primary,470.4,2140.93,2003.16,0.813404
72h,72h #7,primary,475.2,2131.99,1994.2,0.809764
72h,72h #7,primary,480,2129.59,1991.8,0.808792
